Cs,FA,MA,I,Br,structure,bandgap,substrate,ETL,ETL-2,ETLthickness,HTL,HTLthickness,electrode,depositionProcedure,depositionMethod,Anti-solvent,PrecursorSolvent,AnnealingTemperature,AnnealingTime,Jsc,Voc,FF,PCE
0.06,0.45,0.49,1.86,0.96,1,1.8,13.748588709770196,15.569879212259472,,,14.50981884057955,,13.56754203087829,13.387363546219715,14.540728643216081,,14.00101851851855,100.0,30.0,12.1,1.05,0.49,7.2
0.06,0.45,0.49,1.86,0.96,1,1.8,13.748588709770196,15.569879212259472,,,14.50981884057955,,13.56754203087829,13.387363546219715,13.306277299925917,14.234280155654995,14.00101851851855,100.0,30.0,9.5,0.96,0.4,5.4
0.06,0.45,0.49,1.86,0.96,1,1.8,13.748588709770196,15.569879212259472,,,14.50981884057955,,13.56754203087829,13.387363546219715,13.72262441788751,14.234280155654995,14.00101851851855,100.0,30.0,13,1.05,0.51,8.6
0.05,0.8,0.15,1.8,1.2,1,1.768,15.131265603223945,15.159048660965988,,,14.435800289598644,,15.422352987268296,,,,,,,14.899,1.32,0.651,12.803
0.25,0.5625,0.1875,2.1,0.9,0,1.76,15.131265603223945,15.438223786374428,14.641134841501424,,15.76762475068065,,15.422352987268296,15.043190661450348,14.540728643216081,,14.67173619197974,100.0,30.0,16.7,1.17,0.696,13.6
0.17,0.83,0.0,1.8,1.2,1,1.75,,,,,,,,,,,,,,19.8,1.2,0.751,17.1
0.15,0.6375,0.2125,2.1,0.9,0,1.74,15.131265603223945,15.438223786374428,14.641134841501424,,15.76762475068065,,15.422352987268296,15.043190661450348,14.540728643216081,,14.67173619197974,100.0,30.0,18,1.11,0.719,14.4
0.05,0.7125,0.2375,2.1,0.9,0,1.73,15.131265603223945,15.438223786374428,14.641134841501424,,15.76762475068065,,15.422352987268296,15.043190661450348,14.540728643216081,,14.67173619197974,100.0,30.0,15,1.13,0.66,11.2
0.1,0.75,0.15,2.01,0.99,1,1.73,,,,,,,,,,,,,,,1.13,,17.3
0.25,0.5625,0.1875,2.28,0.72,0,1.72,15.131265603223945,15.438223786374428,14.641134841501424,,15.76762475068065,,15.422352987268296,15.043190661450348,14.540728643216081,,14.67173619197974,100.0,30.0,17.9,1.12,0.764,15.3
0.15,0.6375,0.2125,2.28,0.72,0,1.71,15.131265603223945,15.438223786374428,14.641134841501424,,15.76762475068065,,15.422352987268296,15.043190661450348,14.540728643216081,,14.67173619197974,100.0,30.0,18.7,1.09,0.724,14.9
0.25,0.5625,0.1875,2.4,0.6,0,1.7,15.131265603223945,15.438223786374428,14.641134841501424,,15.76762475068065,,15.422352987268296,15.043190661450348,14.540728643216081,,14.67173619197974,100.0,30.0,17.8,1.12,0.705,14.1
0.15,0.7055,0.1445,2.1,0.9,1,1.7,,,,,,,,,,,,,,18.7,1.19,0.802,18.6
0.3,0.6,0.1,2.4,0.6,1,1.7,,,,,,,,,,,,,,19.6,1.2,0.82,19.2
0.05,0.7125,0.2375,2.28,0.72,0,1.68,15.131265603223945,15.438223786374428,14.641134841501424,,15.76762475068065,,15.422352987268296,15.043190661450348,14.540728643216081,,14.67173619197974,100.0,30.0,17.5,1.11,0.733,14.3
0.15,0.6375,0.2125,2.4,0.6,0,1.68,15.131265603223945,15.438223786374428,14.641134841501424,,15.76762475068065,,15.422352987268296,15.043190661450348,14.540728643216081,,14.67173619197974,100.0,30.0,19.9,1.1,0.737,16.1
0.25,0.5625,0.1875,2.49,0.51,0,1.68,15.131265603223945,15.438223786374428,14.641134841501424,,15.76762475068065,,15.422352987268296,15.043190661450348,14.540728643216081,,14.67173619197974,100.0,30.0,18.1,1.13,0.674,13.8
0.15,0.65,0.2,2.4,0.6,1,1.68,,,,,,,,,,,,,,21.2,1.17,0.798,19.8
0.05,0.7125,0.2375,2.4,0.6,0,1.67,15.131265603223945,15.438223786374428,14.641134841501424,,15.76762475068065,,15.422352987268296,15.043190661450348,14.540728643216081,,14.67173619197974,100.0,30.0,18.8,1.11,0.714,14.9
0.2134,0.7566,0.03,2.473,0.4365,1,1.67,,,,,,,,,,,,,,20.2,1.22,0.832,20.4
0.05,0.8,0.15,2.4,0.6,1,1.654,15.131265603223945,15.159048660965988,,,14.435800289598644,,15.422352987268296,,,,,,,16.927,1.14,0.727,14.024
0.2,0.32,0.48,2.8,0.2,1,1.65,13.748588709770196,15.159048660965988,14.408028746648979,,14.1593445469328,,13.56754203087829,15.043190661450348,14.540728643216081,,14.00101851851855,100.0,30.0,12.61,0.889,0.6807,7.64
0.05,0.7125,0.2375,2.49,0.51,0,1.65,15.131265603223945,15.438223786374428,14.641134841501424,,15.76762475068065,,15.422352987268296,15.043190661450348,14.540728643216081,,14.67173619197974,100.0,30.0,19.5,1.07,0.704,14.6
0.15,0.6375,0.2125,2.49,0.51,0,1.65,15.131265603223945,15.438223786374428,14.641134841501424,,15.76762475068065,,15.422352987268296,15.043190661450348,14.540728643216081,,14.67173619197974,100.0,30.0,20.3,1.09,0.757,16.8
0.05,0.8,0.15,2.25,0.75,1,1.65,,,,,,,,,,,,,,21.2,1.22,0.76,20.8
0.05,0.8075,0.1425,2.572,0.4275,1,1.65,,,,,,,,,,,,,,1.21,1.59,22.59,0.81
0.1,0.36,0.54,2.8,0.2,1,1.647,13.748588709770196,15.159048660965988,14.408028746648979,,14.1593445469328,,13.56754203087829,15.043190661450348,14.540728643216081,,14.00101851851855,100.0,30.0,17.63,0.903,0.6637,10.57
0.25,0.5625,0.1875,2.7,0.3,0,1.64,15.131265603223945,15.438223786374428,14.641134841501424,,15.76762475068065,,15.422352987268296,15.043190661450348,14.540728643216081,,14.67173619197974,100.0,30.0,19.9,1.07,0.805,17.1
0.05,0.8,0.15,2.52,0.48,1,,15.131265603223945,15.159048660965988,,,14.435800289598644,,15.422352987268296,,,,,,,18.503,1.1,0.739,15.054
0.05,0.38,0.57,2.8,0.2,1,1.63,13.748588709770196,15.159048660965988,14.408028746648979,,14.1593445469328,,13.56754203087829,15.043190661450348,14.540728643216081,,14.00101851851855,100.0,30.0,23.4,1.008,0.7214,17.02
0.15,0.6375,0.2125,2.7,0.3,0,1.63,15.131265603223945,15.438223786374428,14.641134841501424,,15.76762475068065,,15.422352987268296,15.043190661450348,14.540728643216081,,14.67173619197974,100.0,30.0,21.2,1.06,0.722,16.2
0.05,0.7885,0.1615,2.46,0.54,1,1.63,,,,,,,,,,,,,,21.6,1.1,0.779,18.4
0.05,0.8,0.15,2.55,0.45,1,1.63,,,,,,,,,,,,,,22.8,1.24,0.78,22.1
0.05,0.7885,0.1615,2.49,0.51,1,1.62,15.131265603223945,15.569879212259472,,,15.76762475068065,0.017,15.271361592621036,15.043190661450348,14.540728643216081,14.750481365355192,14.994676372149105,100.0,40.0,20.33,1.01,0.8073,16.5
0.13,0.77,0.0,2.46,0.54,1,1.62,,,,,,,,,,,,,,22.3,1.25,0.8,22.3
0.0,0.4,0.6,2.8,0.2,1,1.617,13.748588709770196,15.159048660965988,14.408028746648979,,14.1593445469328,,13.56754203087829,15.043190661450348,14.540728643216081,,14.00101851851855,100.0,30.0,22.31,0.953,0.7,14.88
0.05,0.7885,0.1615,2.49,0.51,1,1.6,13.748588709770196,15.159048660965988,,0.04,15.155118720624117,0.1,15.155118720624117,15.043190661450348,14.540728643216081,14.234280155654995,14.994676372149105,100.0,60.0,22.68,1.14,0.76,19.61
0.05,0.79,0.15,2.45,0.55,1,1.6,15.131265603223945,15.569879212259472,,20.0,14.50981884057955,200.0,14.127791666767372,,,,,,,22.297,1.0755,0.7475,17.92
0.05,0.7125,0.2375,2.7,0.3,0,1.6,15.131265603223945,15.438223786374428,14.641134841501424,,15.76762475068065,,15.422352987268296,15.043190661450348,14.540728643216081,,14.67173619197974,100.0,30.0,20.8,1.08,0.767,17.3
0.0,0.0,1.0,3.0,0.0,1,1.6,,,,,,,,,,,,,,20.7,1.26,0.8,20.7
0.05,0.8,0.15,2.7,0.3,1,1.59,15.131265603223945,15.28688956584411,,,15.477787737044352,,15.271361592621036,15.043190661450348,14.540728643216081,14.234280155654995,15.477787737044352,115.0,20.0,23.12,1.16,0.8237,22.09
0.05,0.76,0.19,2.45,0.6,1,1.572,13.748588709770196,15.159048660965988,,,14.50981884057955,,14.127791666767372,15.043190661450348,14.540728643216081,14.234280155654995,14.00101851851855,100.0,60.0,23.29,1.156,0.765,20.6
0.175,0.75,0.075,2.64,0.36,1,1.57,13.748588709770196,13.488257532983164,13.549629738678034,,14.50981884057955,,14.127791666767372,15.043190661450348,14.540728643216081,14.234280155654995,14.00101851851855,100.0,20.0,21.88,1.124,0.75,18.45
0.05,0.81,0.14,2.55,0.45,1,1.57,,,,,,,,,,,,,,22.16,1.23,0.78,21.1
0.05,0.8,0.15,2.85,0.15,1,1.5685,15.131265603223945,15.159048660965988,,,14.435800289598644,,15.422352987268296,,,,,,,18.875,1.02,0.769,14.812
0.05,0.86,0.09,2.91,0.09,1,1.56,13.748588709770196,15.569879212259472,,,14.50981884057955,,15.271361592621036,15.043190661450348,14.540728643216081,14.234280155654995,14.198525610001711,100.0,60.0,21,0.987,0.453,9.4
0.05,0.86,0.09,2.91,0.09,1,1.56,13.748588709770196,15.569879212259472,,,14.50981884057955,,15.271361592621036,15.043190661450348,14.540728643216081,14.234280155654995,14.00101851851855,100.0,60.0,23.49,1.041,0.748,18.3
0.05,0.86,0.09,2.91,0.09,1,1.56,13.748588709770196,15.569879212259472,,,14.50981884057955,,15.271361592621036,15.043190661450348,14.540728643216081,14.234280155654995,15.03652243629475,100.0,60.0,23.5,1.08,0.776,19.7
0.05,0.7885,0.1615,2.79,0.21,1,1.55,13.995852214049805,15.569879212259472,,,14.109522690499249,,13.995852214049805,15.043190661450348,14.540728643216081,14.234280155654995,14.00101851851855,150.0,15.0,19.7,0.9,0.57,10.7
0.05,0.8,0.15,2.85,0.15,1,1.55,,,,,,,,,,,,,,24.1,1.18,0.83,23.7
0.05,0.8075,0.1425,2.6,0.45,1,1.546,13.748588709770196,15.159048660965988,,,14.50981884057955,,14.127791666767372,15.043190661450348,14.540728643216081,14.234280155654995,14.00101851851855,100.0,60.0,23.61,1.135,0.777,20.7
0.05,0.855,0.095,2.75,0.3,1,1.537,13.748588709770196,15.159048660965988,,,14.50981884057955,,14.127791666767372,15.043190661450348,14.540728643216081,14.234280155654995,14.00101851851855,100.0,60.0,24.13,1.131,0.768,21.0
0.03,0.9409,0.0291,2.91,0.09,1,1.53,,,,,,,,,,,,,,24.6,1.21,0.8,23.8
0.05,0.9025,0.0475,2.9,0.15,1,,13.748588709770196,15.159048660965988,,,14.50981884057955,,14.127791666767372,15.043190661450348,14.540728643216081,14.234280155654995,14.00101851851855,100.0,60.0,24.69,1.126,0.768,21.4
0.05,0.95,0.0,3.05,0.0,1,,13.748588709770196,15.159048660965988,,,14.50981884057955,,14.127791666767372,15.043190661450348,14.540728643216081,14.234280155654995,14.00101851851855,100.0,60.0,25.45,1.09,0.727,20.1
0.05,0.9,0.05,3.0,0.0,1,,13.748588709770196,13.488257532983164,13.549629738678034,,14.50981884057955,0.07,14.127791666767372,15.043190661450348,14.540728643216081,15.853584570121559,14.00101851851855,100.0,60.0,25.32,1.12,0.837,23.76
0.05,0.9,0.05,3.0,0.0,1,,13.748588709770196,13.488257532983164,13.549629738678034,,14.50981884057955,0.07,14.127791666767372,15.043190661450348,14.540728643216081,15.853584570121559,15.903232442836728,100.0,60.0,25.26,1.15,0.84,24.46
0.05,0.85,0.1,2.55,0.45,1,,13.748588709770196,15.569879212259472,,0.04,14.50981884057955,,15.422352987268296,13.387363546219715,14.540728643216081,14.234280155654995,14.00101851851855,100.0,60.0,22.01,1.045,0.743,17.1
0.05,0.7885,0.1615,2.49,0.51,1,,15.131265603223945,15.569879212259472,,30.0,14.50981884057955,165.0,15.271361592621036,13.387363546219715,14.540728643216081,14.234280155654995,14.00101851851855,120.0,0.0,20.17,1.12,0.6634,15.03
0.05,0.7885,0.1615,2.49,0.51,1,,15.131265603223945,15.569879212259472,,30.0,14.50981884057955,165.0,15.271361592621036,13.387363546219715,14.540728643216081,14.234280155654995,14.00101851851855,120.0,2.0,21.2,1.12,0.6478,15.37
0.05,0.7885,0.1615,2.49,0.51,1,,15.131265603223945,15.569879212259472,,30.0,14.50981884057955,165.0,15.271361592621036,13.387363546219715,14.540728643216081,14.234280155654995,14.00101851851855,120.0,5.0,20.01,1.14,0.7694,17.48
0.05,0.7885,0.1615,2.49,0.51,1,,15.131265603223945,15.569879212259472,,30.0,14.50981884057955,165.0,15.271361592621036,13.387363546219715,14.540728643216081,14.234280155654995,14.00101851851855,120.0,10.0,21.32,1.14,0.7622,18.57
0.05,0.7885,0.1615,2.49,0.51,1,,15.131265603223945,15.569879212259472,,30.0,14.50981884057955,165.0,15.271361592621036,13.387363546219715,14.540728643216081,14.234280155654995,14.00101851851855,120.0,15.0,20.91,1.14,0.7513,17.97
0.05,0.7885,0.1615,2.49,0.51,1,,15.131265603223945,15.569879212259472,,30.0,14.50981884057955,165.0,15.271361592621036,13.387363546219715,14.540728643216081,14.234280155654995,14.00101851851855,120.0,20.0,19.78,1.14,0.7534,17.04
0.05,0.7885,0.1615,2.49,0.51,1,,15.131265603223945,15.569879212259472,,30.0,14.50981884057955,165.0,15.271361592621036,13.387363546219715,14.540728643216081,14.234280155654995,14.00101851851855,120.0,10.0,19.96,1.13,0.6966,15.73
0.05,0.81,0.14,2.86,0.14,0,,13.748588709770196,15.438223786374428,14.641134841501424,,15.029404139433549,,15.271361592621036,15.043190661450348,14.540728643216081,11.813466461809323,14.00101851851855,120.0,10.0,23.1,0.93,0.769,16.2
0.16,0.8,0.04,1.5,1.5,0,,13.748588709770196,11.944967703183918,14.641134841501424,,15.76762475068065,,15.271361592621036,13.387363546219715,14.540728643216081,14.234280155654995,14.00101851851855,100.0,15.0,17.64,1.22,0.73,15.7
0.05,0.7885,0.1615,2.49,0.51,1,,13.748588709770196,15.159048660965988,,,14.50981884057955,,15.271361592621036,15.043190661450348,14.540728643216081,14.234280155654995,14.00101851851855,100.0,5.0,23.78,1.145,0.7789,21.15
0.05,0.79,0.16,2.7,0.3,0,,15.131265603223945,11.944967703183918,14.641134841501424,,15.309947805116083,,15.271361592621036,,,,,,,22.4,1.098,0.85,20.8
0.05,0.7885,0.1615,2.49,0.51,1,,13.748588709770196,15.159048660965988,,,14.984676619208589,,15.271361592621036,13.387363546219715,14.540728643216081,14.234280155654995,14.00101851851855,110.0,60.0,22.3,1.14,0.705,18.3
0.05,0.7885,0.1615,2.49,0.51,1,,13.748588709770196,15.159048660965988,,,14.750481365355192,,15.271361592621036,13.387363546219715,14.540728643216081,14.234280155654995,14.00101851851855,110.0,60.0,21.9,1.09,0.681,16.5
0.05,0.7885,0.1615,2.49,0.51,1,,13.748588709770196,15.159048660965988,,,14.3341342473936,,15.271361592621036,13.387363546219715,14.540728643216081,14.234280155654995,14.00101851851855,110.0,60.0,19.5,1.05,0.634,13.3
0.05,0.7885,0.1615,2.49,0.51,1,,13.748588709770196,15.159048660965988,,,13.410364079416315,,15.271361592621036,13.387363546219715,14.540728643216081,14.234280155654995,14.00101851851855,110.0,60.0,18.9,0.79,0.434,6.2
0.05,0.81,0.14,2.55,0.45,1,,15.131265603223945,15.569879212259472,,,14.50981884057955,,,,,,14.00101851851855,,,22.5,1.11,0.78,19.4
0.06,0.79,0.15,2.55,0.45,1,,13.748588709770196,13.488257532983164,13.549629738678034,,14.50981884057955,,14.127791666767372,15.043190661450348,14.540728643216081,14.234280155654995,14.00101851851855,100.0,60.0,22.95,1.121,0.78,20.0
0.05,0.7885,0.1615,3.0,0.0,1,,15.131265603223945,15.569879212259472,,,14.50981884057955,,14.127791666767372,15.043190661450348,13.612357075332143,14.234280155654995,14.00101851851855,100.0,10.0,21.67,0.82,0.6826,12.08
0.05,0.7885,0.1615,2.49,0.51,1,,15.131265603223945,15.569879212259472,,,14.50981884057955,,14.127791666767372,15.043190661450348,13.612357075332143,14.234280155654995,14.00101851851855,100.0,10.0,20.62,1.05,0.7605,16.51
0.05,0.7885,0.1615,1.95,1.05,1,,15.131265603223945,15.569879212259472,,,14.50981884057955,,14.127791666767372,15.043190661450348,13.612357075332143,14.234280155654995,14.00101851851855,100.0,10.0,17.17,1.09,0.7583,14.24
0.05,0.7885,0.1615,1.5,1.5,1,,15.131265603223945,15.569879212259472,,,14.50981884057955,,14.127791666767372,15.043190661450348,13.612357075332143,14.234280155654995,14.00101851851855,100.0,10.0,15.05,1.12,0.6427,10.81
0.05,0.7885,0.1615,0.9,2.1,1,,15.131265603223945,15.569879212259472,,,14.50981884057955,,14.127791666767372,15.043190661450348,13.612357075332143,14.234280155654995,14.00101851851855,100.0,10.0,10.52,1.13,0.576,6.88
0.05,0.7885,0.1615,0.0,3.0,1,,15.131265603223945,15.569879212259472,,,14.50981884057955,,14.127791666767372,15.043190661450348,13.612357075332143,14.234280155654995,14.00101851851855,100.0,10.0,6.01,1.31,0.5524,4.36
0.05,0.7885,0.1615,2.49,0.51,1,,13.748588709770196,13.488257532983164,,,14.50981884057955,,14.127791666767372,15.043190661450348,13.612357075332143,14.234280155654995,14.00101851851855,100.0,60.0,21.6,1.112,0.733,17.6
0.07,0.79,0.14,2.49,0.51,0,,15.131265603223945,11.944967703183918,,,11.599997776310113,,13.917787129432007,14.10101466327603,,,,,,21.7,0.93,0.49,10.1
0.0,0.4,0.6,3.0,0.0,1,,14.03647242874631,14.03647242874631,,,11.599997776310113,,15.271361592621036,15.043190661450348,13.612357075332143,14.234280155654995,,,,19.6,1.04,0.538,11.0
0.0,0.4,0.6,3.0,0.0,1,,14.03647242874631,14.03647242874631,,,14.109522690499249,,15.271361592621036,15.043190661450348,13.612357075332143,14.234280155654995,,,,20.6,1.05,0.536,11.6
0.0,0.0,1.0,3.0,0.0,1,,15.131265603223945,15.569879212259472,,20.0,14.50981884057955,220.0,15.271361592621036,13.387363546219715,14.540728643216081,14.234280155654995,14.00101851851855,100.0,10.0,21,1.05,0.723,16.1
0.0,0.0,1.0,3.0,0.0,1,,15.131265603223945,15.569879212259472,,20.0,14.50981884057955,220.0,15.271361592621036,15.043190661450348,14.540728643216081,14.234280155654995,14.00101851851855,100.0,10.0,20.1,1.05,0.688,14.6
0.0,0.0,1.0,3.0,0.0,1,,15.131265603223945,15.569879212259472,,20.0,14.50981884057955,220.0,15.271361592621036,15.043190661450348,13.612357075332143,14.234280155654995,14.00101851851855,100.0,10.0,15.5,0.83,0.607,7.8
0.15,0.85,0.0,2.55,0.45,1,,15.131265603223945,15.569879212259472,,,14.50981884057955,,14.127791666767372,15.043190661450348,13.612357075332143,14.234280155654995,14.581340348683296,100.0,30.0,15.2,1.029,0.715,15.2
0.0,0.95,0.05,2.85,0.15,1,,15.131265603223945,15.569879212259472,,,14.109522690499249,,14.127791666767372,15.043190661450348,13.612357075332143,14.596784135103237,14.00101851851855,120.0,30.0,20.9,0.96,0.681,13.8
0.0,0.95,0.05,2.85,0.15,1,,15.131265603223945,15.569879212259472,,,14.50981884057955,,14.127791666767372,15.043190661450348,13.612357075332143,14.596784135103237,14.00101851851855,120.0,30.0,22,1.02,0.744,16.7
0.0,0.95,0.05,2.85,0.15,1,,15.131265603223945,15.661240685896178,13.549629738678034,,14.50981884057955,,14.127791666767372,15.043190661450348,14.540728643216081,14.234280155654995,14.00101851851855,120.0,30.0,24.8,1.17,0.81,23.5
0.0,0.95,0.05,2.85,0.15,1,,15.131265603223945,15.569879212259472,,,14.50981884057955,,14.127791666767372,15.043190661450348,14.540728643216081,14.234280155654995,14.00101851851855,120.0,30.0,23.4,1.13,0.837,22.2
0.02,0.38,0.6,2.975,0.025,0,,15.131265603223945,11.944967703183918,,,11.599997776310113,,14.301024664785718,13.387363546219715,14.908969235021235,,14.198525610001711,100.0,10.0,21.35,1.0,0.6865,14.66
0.02,0.38,0.6,2.975,0.025,0,,15.131265603223945,11.944967703183918,,,11.599997776310113,,14.301024664785718,13.387363546219715,13.612357075332143,,14.198525610001711,100.0,10.0,21.75,0.98,0.5476,11.67
0.02,0.38,0.6,2.975,0.026,0,,15.131265603223945,11.944967703183918,,,11.599997776310113,,14.198821434056082,13.387363546219715,13.612357075332143,,14.198525610001711,100.0,10.0,17.59,0.94,0.7418,12.26
0.05,0.7885,0.1615,2.54,0.51,1,,13.748588709770196,15.159048660965988,,,14.50981884057955,,14.127791666767372,15.043190661450348,14.540728643216081,14.234280155654995,14.00101851851855,100.0,60.0,23.6,1.129,0.767,20.6
0.1,0.76,0.14,2.58,0.42,1,,13.748588709770196,15.159048660965988,,,14.50981884057955,,14.127791666767372,15.043190661450348,14.540728643216081,14.234280155654995,14.00101851851855,100.0,60.0,23.18,1.07,0.783,19.01
0.33,0.33,0.33,2.4,0.6,1,,13.748588709770196,13.488257532983164,13.549629738678034,40.0,14.50981884057955,50.0,14.127791666767372,15.043190661450348,14.540728643216081,14.234280155654995,14.00101851851855,100.0,60.0,18.43,1.05,0.48,9.3
0.0,0.83,0.17,2.49,0.51,1,,13.748588709770196,13.488257532983164,13.549629738678034,30.0,14.50981884057955,,14.127791666767372,15.043190661450348,14.540728643216081,14.234280155654995,14.00101851851855,100.0,60.0,22.1,1.071,0.71,16.8
0.05,0.7885,0.1615,2.49,0.51,1,,13.748588709770196,13.488257532983164,13.549629738678034,30.0,14.50981884057955,,14.127791666767372,15.043190661450348,14.540728643216081,14.234280155654995,14.00101851851855,100.0,60.0,22.7,1.109,0.74,18.6
0.1,0.747,0.153,2.49,0.51,1,,13.748588709770196,13.488257532983164,13.549629738678034,30.0,14.50981884057955,,14.127791666767372,15.043190661450348,14.540728643216081,14.234280155654995,14.00101851851855,100.0,60.0,22,1.13,0.77,19.1
0.15,0.7055,0.1445,2.49,0.51,1,,13.748588709770196,13.488257532983164,13.549629738678034,30.0,14.50981884057955,,14.127791666767372,15.043190661450348,14.540728643216081,14.234280155654995,14.00101851851855,100.0,60.0,19.4,1.088,0.69,14.6
0.0,0.75,0.25,2.49,0.51,1,,13.748588709770196,13.488257532983164,13.549629738678034,31.0,14.50981884057955,,14.127791666767372,15.043190661450348,14.540728643216081,14.234280155654995,14.00101851851855,100.0,60.0,18.6,0.906,0.6,10.1
0.05,0.75,0.2,2.49,0.51,1,,13.748588709770196,13.488257532983164,13.549629738678034,32.0,14.50981884057955,,14.127791666767372,15.043190661450348,14.540728643216081,14.234280155654995,14.00101851851855,100.0,60.0,17.9,0.913,0.52,8.5
0.1,0.75,0.15,2.49,0.51,1,,13.748588709770196,13.488257532983164,13.549629738678034,31.0,14.50981884057955,,14.127791666767372,15.043190661450348,14.540728643216081,14.234280155654995,14.00101851851855,100.0,60.0,20.7,1.049,0.75,16.3
0.15,0.75,0.1,2.49,0.51,1,,13.748588709770196,13.488257532983164,13.549629738678034,31.0,14.50981884057955,,14.127791666767372,15.043190661450348,14.540728643216081,14.234280155654995,14.00101851851855,100.0,60.0,21.1,1.06,0.75,16.8
0.2,0.75,0.05,2.49,0.51,1,,13.748588709770196,13.488257532983164,13.549629738678034,31.0,14.50981884057955,,14.127791666767372,15.043190661450348,14.540728643216081,14.234280155654995,14.00101851851855,100.0,60.0,20.4,1.054,0.74,15.9
0.25,0.75,0.0,2.49,0.51,1,,13.748588709770196,13.488257532983164,13.549629738678034,31.0,14.50981884057955,,14.127791666767372,15.043190661450348,14.540728643216081,14.234280155654995,14.00101851851855,100.0,60.0,20.7,1.045,0.66,14.3
0.04,0.92,0.04,3.0,0.0,0,,15.131265603223945,15.922031015204523,,,15.76762475068065,25.0,15.271361592621036,15.043190661450348,14.540728643216081,14.234280155654995,14.00101851851855,100.0,15.0,24.03,0.98,0.7495,17.62
0.04,0.92,0.04,3.0,0.0,0,,15.131265603223945,15.922031015204523,,,15.76762475068065,25.0,15.271361592621036,15.043190661450348,14.540728643216081,15.346378177937723,14.00101851851855,100.0,15.0,24.79,1.05,0.8176,21.08
0.05,0.81,0.14,2.55,0.45,1,,15.131265603223945,15.569879212259472,,,14.50981884057955,,14.127791666767372,15.043190661450348,14.540728643216081,14.234280155654995,14.00101851851855,100.0,60.0,22.3,1.08,0.751,18.1
0.05,0.81,0.14,2.55,0.45,1,,15.131265603223945,15.569879212259472,,,14.50981884057955,,14.127791666767372,15.043190661450348,14.540728643216081,14.234280155654995,14.36215413943355,130.0,10.0,20.7,1.05,0.745,16.6
0.05,0.7885,0.1615,2.49,0.51,1,,13.748588709770196,13.488257532983164,13.549629738678034,40.0,14.50981884057955,,14.127791666767372,15.043190661450348,14.540728643216081,14.234280155654995,14.00101851851855,100.0,60.0,,,0.725,16.1
0.05,0.79,0.15,2.45,0.55,1,,15.131265603223945,15.569879212259472,,,14.50981884057955,,14.127791666767372,15.043190661450348,14.540728643216081,14.234280155654995,14.00101851851855,100.0,60.0,22.83,1.1,0.7762,18.38
0.05,0.79,0.15,2.45,0.55,1,,15.131265603223945,13.488257532983164,13.549629738678034,,14.50981884057955,,14.127791666767372,15.043190661450348,14.540728643216081,14.234280155654995,14.00101851851855,100.0,60.0,21.61,1.09,0.6463,15.23
0.175,0.75,0.075,2.64,0.36,0,,15.131265603223945,11.944967703183918,14.933470884212586,,15.029404139433549,,15.271361592621036,15.043190661450348,14.540728643216081,15.101774246135287,14.00101851851855,100.0,10.0,21.6,1.12,0.7905,19.2
0.175,0.75,0.075,2.64,0.36,0,,15.131265603223945,11.944967703183918,14.933470884212586,,15.029404139433549,,15.271361592621036,15.043190661450348,14.540728643216081,,14.00101851851855,100.0,10.0,21.3,1.06,0.7695,17.42
0.05,0.7885,0.1615,2.49,0.51,1,,13.748588709770196,13.488257532983164,13.549629738678034,,14.50981884057955,,14.127791666767372,13.387363546219715,14.540728643216081,14.234280155654995,14.00101851851855,100.0,45.0,22.73,1.107,0.72,18.12
0.05,0.7885,0.1615,2.49,0.51,1,,13.748588709770196,13.488257532983164,13.549629738678034,,14.50981884057955,,14.127791666767372,13.387363546219715,14.540728643216081,14.234280155654995,15.406228076144702,100.0,45.0,24.4,1.185,0.745,21.54
0.05,0.7885,0.1615,2.49,0.51,1,,15.131265603223945,15.569879212259472,,,14.50981884057955,,14.127791666767372,15.043190661450348,14.540728643216081,14.234280155654995,14.00101851851855,100.0,60.0,26.04,1.005,0.709,18.58
0.05,0.7885,0.1615,2.49,0.51,1,,15.131265603223945,15.569879212259472,,,14.50981884057955,,14.127791666767372,15.043190661450348,14.540728643216081,14.864158233543485,14.00101851851855,100.0,60.0,25.54,1.006,0.723,18.58
0.1,0.747,0.153,2.49,0.51,1,,15.131265603223945,15.569879212259472,,,14.50981884057955,,14.127791666767372,15.043190661450348,14.540728643216081,14.234280155654995,14.00101851851855,100.0,60.0,23.79,0.984,0.818,19.15
0.1,0.747,0.153,2.49,0.51,1,,15.131265603223945,15.569879212259472,,,14.50981884057955,,14.127791666767372,15.043190661450348,14.540728643216081,14.864158233543485,14.00101851851855,100.0,60.0,25.42,1.049,0.758,20.21
0.05,0.9,0.05,3.0,0.0,1,,13.748588709770196,13.488257532983164,13.549629738678034,,14.50981884057955,,14.127791666767372,13.387363546219715,14.540728643216081,14.234280155654995,14.00101851851855,100.0,60.0,25.32,1.122,0.8365,23.76
0.05,0.9,0.05,3.0,0.0,1,,13.748588709770196,13.488257532983164,13.549629738678034,,14.50981884057955,,14.127791666767372,13.387363546219715,14.540728643216081,14.234280155654995,15.903232442836728,100.0,60.0,25.26,1.153,0.8398,24.46
0.05,0.81,0.14,2.55,0.45,1,,15.131265603223945,15.221474042549245,14.408028746648979,,14.50981884057955,,14.127791666767372,13.387363546219715,14.540728643216081,,14.00101851851855,120.0,10.0,24.1,1.16,0.72,20.12
0.05,0.85,0.15,2.55,0.45,0,,15.131265603223945,11.944967703183918,14.641134841501424,,15.76762475068065,,15.271361592621036,13.387363546219715,14.540728643216081,15.05382034437659,14.00101851851855,100.0,60.0,23.36,1.04,0.7895,19.18
0.05,0.7885,0.1615,2.49,0.51,1,,13.748588709770196,15.159048660965988,15.217570788318355,,14.50981884057955,,14.127791666767372,15.043190661450348,14.540728643216081,14.234280155654995,14.00101851851855,110.0,50.0,23.65,1.184,0.71,20.09
0.05,0.7885,0.1615,2.49,0.51,1,,13.748588709770196,15.159048660965988,,,14.50981884057955,,14.127791666767372,15.043190661450348,14.540728643216081,14.234280155654995,14.00101851851855,110.0,50.0,22.28,1.104,0.702,17.28
0.05,0.915,0.085,2.745,0.255,1,,13.748588709770196,13.488257532983164,13.549629738678034,,14.50981884057955,,14.127791666767372,13.387363546219715,14.540728643216081,,14.00101851851855,100.0,3.0,20.6,1.084,0.625,14.0
0.05,0.83,0.17,2.49,0.51,1,,13.748588709770196,13.488257532983164,13.549629738678034,,14.50981884057955,,14.127791666767372,13.387363546219715,14.540728643216081,,14.00101851851855,100.0,3.0,18.9,1.113,0.577,12.1
0.05,0.745,0.255,2.235,0.765,1,,13.748588709770196,13.488257532983164,13.549629738678034,,14.50981884057955,,14.127791666767372,13.387363546219715,14.540728643216081,,14.00101851851855,100.0,3.0,18.56,1.016,0.6116,11.54
0.0,0.95,0.05,2.94,0.06,1,,13.748588709770196,13.488257532983164,13.549629738678034,,14.50981884057955,,14.127791666767372,13.387363546219715,14.540728643216081,14.234280155654995,14.00101851851855,150.0,30.0,20.18,0.972,0.665,13.04
0.05,0.87,0.08,2.76,0.24,0,,15.131265603223945,15.922031015204523,15.679404139433549,,15.76762475068065,,15.271361592621036,13.387363546219715,14.540728643216081,,14.00101851851855,100.0,30.0,21.86,1.0,0.77,16.9
0.05,0.87,0.08,2.76,0.24,0,,15.131265603223945,15.922031015204523,15.679404139433549,,15.03662853057088,,15.271361592621036,13.387363546219715,14.540728643216081,,14.852116051924114,100.0,30.0,22.99,1.04,0.745,17.8
0.05,0.87,0.08,2.76,0.24,0,,15.131265603223945,15.922031015204523,15.679404139433549,,15.03662853057088,,15.271361592621036,13.387363546219715,14.540728643216081,,14.816653285698992,100.0,30.0,22.83,1.035,0.712,16.3
0.05,0.87,0.08,2.76,0.24,0,,15.131265603223945,15.922031015204523,15.679404139433549,,15.03662853057088,,15.271361592621036,13.387363546219715,14.540728643216081,,14.00101851851855,100.0,30.0,22.35,1.03,0.764,17.7
0.05,0.87,0.08,2.76,0.24,0,,15.131265603223945,15.922031015204523,15.679404139433549,,15.029404139433549,,15.271361592621036,13.387363546219715,14.540728643216081,,14.00101851851855,100.0,30.0,21.82,0.87,0.783,14.8
0.05,0.87,0.08,2.76,0.24,0,,15.131265603223945,15.922031015204523,15.679404139433549,,15.76762475068065,,15.271361592621036,13.387363546219715,14.540728643216081,,14.776503060227792,100.0,30.0,22.39,1.04,0.718,16.7
0.05,0.87,0.08,2.76,0.24,0,,15.131265603223945,15.922031015204523,15.679404139433549,,15.03662853057088,,15.271361592621036,13.387363546219715,14.540728643216081,,15.050707542784796,100.0,30.0,22.92,1.08,0.781,19.2
0.05,0.87,0.08,2.76,0.24,0,,15.131265603223945,15.922031015204523,15.679404139433549,,15.76762475068065,,15.271361592621036,13.387363546219715,14.540728643216081,,14.852116051924114,100.0,30.0,22.48,1.02,0.712,16.3
0.05,0.87,0.08,2.76,0.24,0,,15.131265603223945,15.922031015204523,15.679404139433549,,15.76762475068065,,15.271361592621036,13.387363546219715,14.540728643216081,,14.816653285698992,100.0,30.0,22.16,1.05,0.75,17.3
0.05,0.87,0.08,2.76,0.24,0,,15.131265603223945,15.922031015204523,15.679404139433549,,15.76762475068065,,15.271361592621036,13.387363546219715,14.540728643216081,,14.750481365355192,100.0,30.0,21.65,1.03,0.725,16.5
0.05,0.87,0.08,2.76,0.24,0,,15.131265603223945,15.922031015204523,15.679404139433549,,15.76762475068065,,15.271361592621036,13.387363546219715,14.540728643216081,,14.97166577177229,100.0,30.0,21.93,1.02,0.802,18.2
0.05,0.87,0.08,2.76,0.24,0,,15.131265603223945,15.922031015204523,15.679404139433549,,15.76762475068065,,15.271361592621036,13.387363546219715,14.540728643216081,,14.854568144845592,100.0,30.0,22.46,0.98,0.783,17.3
0.05,0.87,0.08,2.76,0.24,0,,15.131265603223945,15.922031015204523,15.679404139433549,,15.76762475068065,,15.271361592621036,13.387363546219715,14.540728643216081,,15.050707542784796,100.0,30.0,22,1.05,0.766,17.7
0.05,0.87,0.08,2.76,0.24,0,,15.131265603223945,15.922031015204523,15.679404139433549,,15.76762475068065,,15.271361592621036,13.387363546219715,14.540728643216081,,14.93263322946339,100.0,30.0,21.87,1.02,0.799,17.9
0.05,0.87,0.08,2.76,0.24,0,,15.131265603223945,15.922031015204523,15.679404139433549,,15.76762475068065,,15.271361592621036,13.387363546219715,14.540728643216081,,14.711448823046293,100.0,30.0,22.74,0.97,0.738,16.2
0.05,0.87,0.08,2.76,0.24,0,,15.131265603223945,15.922031015204523,15.679404139433549,,15.76762475068065,,15.271361592621036,13.387363546219715,14.540728643216081,,15.01069831408119,100.0,30.0,22.54,1.02,0.803,18.5
0.05,0.87,0.08,2.76,0.24,0,,15.131265603223945,15.922031015204523,15.679404139433549,,15.76762475068065,,15.271361592621036,13.387363546219715,14.540728643216081,,14.373166789702498,100.0,30.0,20.1,0.99,0.68,13.6
0.05,0.87,0.08,2.76,0.24,0,,15.131265603223945,15.922031015204523,15.679404139433549,,15.76762475068065,,15.271361592621036,13.387363546219715,14.540728643216081,,15.036720008953788,100.0,30.0,22.06,1.07,0.798,18.7
0.05,0.87,0.08,2.76,0.24,0,,15.131265603223945,15.922031015204523,15.679404139433549,,15.76762475068065,,15.271361592621036,13.387363546219715,14.540728643216081,,14.94564407689969,100.0,30.0,22.25,1.05,0.759,18.0
0.05,0.87,0.08,2.76,0.24,0,,15.131265603223945,15.922031015204523,15.679404139433549,,15.76762475068065,,15.271361592621036,13.387363546219715,14.540728643216081,,14.138971535849103,100.0,30.0,21.4,0.92,0.589,11.8
0.0,0.0,1.0,2.55,0.45,1,,13.748588709770196,15.159048660965988,,,14.50981884057955,,14.127791666767372,15.043190661450348,14.540728643216081,14.234280155654995,14.00101851851855,100.0,60.0,20.5,1.0254,0.7,14.7
0.0,0.85,0.15,2.55,0.45,1,,13.748588709770196,15.159048660965988,,,14.50981884057955,,14.127791666767372,15.043190661450348,14.540728643216081,14.234280155654995,14.00101851851855,100.0,60.0,22.04,1.0285,0.72,16.3
0.05,0.8,0.15,2.55,0.45,1,,13.748588709770196,15.159048660965988,,,14.50981884057955,,14.127791666767372,15.043190661450348,14.540728643216081,14.234280155654995,14.00101851851855,100.0,60.0,22.595,1.065,0.73,17.6
0.05,0.8,0.15,2.55,0.45,1,,13.748588709770196,15.159048660965988,,,14.50981884057955,,14.127791666767372,15.043190661450348,14.540728643216081,14.234280155654995,15.270915262807184,100.0,60.0,23.06,1.1395,0.78,20.5
0.05,0.8,0.15,2.55,0.45,1,,13.748588709770196,15.159048660965988,,,14.50981884057955,,14.127791666767372,15.043190661450348,14.540728643216081,14.234280155654995,15.290431533961634,100.0,60.0,23.215,1.162,0.765,20.65
0.05,0.81,0.14,2.55,0.45,1,,13.748588709770196,15.159048660965988,,,14.50981884057955,,14.127791666767372,15.043190661450348,14.540728643216081,14.234280155654995,14.00101851851855,,,28.48,1.02,0.5505,15.99
0.05,0.79,0.16,2.45,0.55,1,,13.748588709770196,13.488257532983164,13.549629738678034,,14.50981884057955,,14.127791666767372,,,,,,,18.85,1.09,0.6975,14.32
0.05,0.55,0.4,2.88,0.12,1,,13.748588709770196,13.488257532983164,14.94564407689969,,14.50981884057955,,14.127791666767372,15.043190661450348,14.908969235021235,,14.00101851851855,150.0,15.0,22.5,1.089,0.73,18.0
0.0,0.83,0.17,2.49,0.51,1,,13.748588709770196,13.488257532983164,13.549629738678034,,14.50981884057955,,14.127791666767372,15.043190661450348,14.540728643216081,14.234280155654995,14.00101851851855,100.0,60.0,20.2,1.13,0.64,14.6
0.1,0.747,0.153,2.49,0.51,1,,13.748588709770196,13.488257532983164,13.549629738678034,,14.50981884057955,,14.127791666767372,15.043190661450348,14.540728643216081,14.234280155654995,14.00101851851855,100.0,60.0,23.6,1.11,0.77,20.2
0.2,0.664,0.136,2.49,0.51,1,,13.748588709770196,13.488257532983164,13.549629738678034,,14.50981884057955,,14.127791666767372,15.043190661450348,14.540728643216081,14.234280155654995,14.00101851851855,100.0,60.0,20.8,1.09,0.74,16.8
0.4,0.498,0.102,2.49,0.51,1,,13.748588709770196,13.488257532983164,13.549629738678034,,14.50981884057955,,14.127791666767372,15.043190661450348,14.540728643216081,14.234280155654995,14.00101851851855,100.0,60.0,18.3,1.01,0.71,13.1
0.6,0.332,0.068,2.49,0.51,1,,13.748588709770196,13.488257532983164,13.549629738678034,,14.50981884057955,,14.127791666767372,15.043190661450348,14.540728643216081,14.234280155654995,14.00101851851855,100.0,60.0,16,0.96,0.7,10.8
0.05,0.7885,0.1615,2.49,0.51,1,,13.748588709770196,13.302374045695027,,,,,14.127791666767372,13.387363546219715,14.540728643216081,14.234280155654995,14.00101851851855,100.0,60.0,15.61,0.8,0.43,5.37
0.05,0.7885,0.1615,2.49,0.51,1,,13.748588709770196,13.344008757491187,,,,,14.127791666767372,13.387363546219715,14.540728643216081,14.234280155654995,14.00101851851855,100.0,60.0,15.97,0.81,0.44,5.69
0.05,0.7885,0.1615,2.49,0.51,1,,13.748588709770196,13.389546723518235,,,,,14.127791666767372,13.387363546219715,14.540728643216081,14.234280155654995,14.00101851851855,100.0,60.0,16.09,0.8,0.47,6.04
0.05,0.7885,0.1615,2.49,0.51,1,,13.748588709770196,13.471515062366924,,,,,14.127791666767372,13.387363546219715,14.540728643216081,14.234280155654995,14.00101851851855,100.0,60.0,16.37,0.8,0.51,6.67
0.05,0.7885,0.1615,2.49,0.51,1,,13.748588709770196,13.485826994546853,,,,,14.127791666767372,13.387363546219715,14.540728643216081,14.234280155654995,14.00101851851855,100.0,60.0,16.84,0.79,0.51,6.78
0.05,0.7885,0.1615,2.49,0.51,1,,13.748588709770196,13.533967130061162,,,,,14.127791666767372,13.387363546219715,14.540728643216081,14.234280155654995,14.00101851851855,100.0,60.0,16.98,0.78,0.54,7.15
0.05,0.7885,0.1615,2.49,0.51,1,,13.748588709770196,13.217803537359078,,,,,14.127791666767372,13.387363546219715,14.540728643216081,14.234280155654995,14.00101851851855,100.0,60.0,14.4,0.84,0.39,4.72
0.05,0.7885,0.1615,2.49,0.51,1,,13.748588709770196,13.254233910180718,,,,,14.127791666767372,13.387363546219715,14.540728643216081,14.234280155654995,14.00101851851855,100.0,60.0,14.52,0.84,0.41,5.0
0.05,0.7885,0.1615,2.49,0.51,1,,13.748588709770196,13.254233910180718,,,,,14.127791666767372,13.387363546219715,14.540728643216081,14.234280155654995,14.00101851851855,100.0,60.0,14.7,0.83,0.41,5.0
0.05,0.7885,0.1615,2.49,0.51,1,,13.748588709770196,13.311481638900437,,,,,14.127791666767372,13.387363546219715,14.540728643216081,14.234280155654995,14.00101851851855,100.0,60.0,14.91,0.83,0.44,5.44
0.05,0.7885,0.1615,2.49,0.51,1,,13.748588709770196,13.363525028645636,,,,,14.127791666767372,13.387363546219715,14.540728643216081,14.234280155654995,14.00101851851855,100.0,60.0,14.98,0.83,0.47,5.84
0.05,0.7885,0.1615,2.49,0.51,1,,13.748588709770196,13.394751062492755,,,,,14.127791666767372,13.387363546219715,14.540728643216081,14.234280155654995,14.00101851851855,100.0,60.0,15.14,0.82,0.49,6.08
0.1,0.75,0.15,2.55,0.45,1,,15.131265603223945,14.357553772778939,,,14.50981884057955,,15.271361592621036,15.043190661450348,14.540728643216081,14.86456493872716,14.00101851851855,100.0,60.0,17.92,1.168,0.7056,13.48
0.1,0.75,0.15,2.55,0.45,1,,15.131265603223945,14.488963331885568,,,14.50981884057955,,15.271361592621036,15.043190661450348,14.540728643216081,14.86456493872716,14.00101851851855,100.0,60.0,18.31,1.182,0.7064,14.49
0.1,0.75,0.15,2.55,0.45,1,,15.131265603223945,14.654201094326574,,,14.50981884057955,,15.271361592621036,15.043190661450348,14.540728643216081,14.86456493872716,14.00101851851855,100.0,60.0,18.32,1.187,0.7773,15.76
0.05,0.7885,0.1615,2.49,0.51,1,,13.748588709770196,13.488257532983164,13.549629738678034,80.0,14.50981884057955,250.0,14.127791666767372,13.387363546219715,14.540728643216081,14.234280155654995,14.00101851851855,100.0,60.0,23.5,1.11,0.77,20.1
0.05,0.7885,0.1615,2.49,0.51,1,,13.748588709770196,13.488257532983164,13.549629738678034,81.0,14.50981884057955,251.0,14.127791666767372,13.387363546219715,14.540728643216081,15.05382034437659,14.00101851851855,100.0,60.0,23.3,1.15,0.74,19.8
0.05,0.7885,0.1615,2.49,0.51,1,,13.748588709770196,13.488257532983164,13.549629738678034,82.0,14.50981884057955,252.0,14.127791666767372,13.387363546219715,14.540728643216081,15.192850178189385,14.00101851851855,100.0,60.0,23.6,1.15,0.73,19.9
0.0,0.83,0.17,2.49,0.51,1,,13.748588709770196,13.488257532983164,13.549629738678034,80.0,14.50981884057955,250.0,14.127791666767372,13.387363546219715,14.540728643216081,14.234280155654995,14.00101851851855,100.0,60.0,23.7,1.11,0.77,20.1
0.1,0.747,0.153,2.49,0.51,1,,13.748588709770196,13.488257532983164,13.549629738678034,80.0,14.50981884057955,250.0,14.127791666767372,13.387363546219715,14.540728643216081,14.234280155654995,14.00101851851855,100.0,60.0,22.3,1.09,0.73,17.8
0.0,0.83,0.17,2.49,0.51,1,,13.748588709770196,15.159048660965988,,60.0,14.50981884057955,80.0,14.127791666767372,15.043190661450348,14.540728643216081,14.234280155654995,14.00101851851855,110.0,60.0,8.507,1.02,0.4096,3.57
0.05,0.7885,0.1615,2.49,0.51,1,,13.748588709770196,15.159048660965988,,60.0,14.50981884057955,80.0,14.127791666767372,15.043190661450348,14.540728643216081,14.234280155654995,14.00101851851855,110.0,60.0,16.94,1.06,0.5784,10.42
0.08,0.7636,0.1564,2.49,0.51,1,,13.748588709770196,15.159048660965988,,60.0,14.50981884057955,80.0,14.127791666767372,15.043190661450348,14.540728643216081,14.234280155654995,14.00101851851855,110.0,60.0,21.05,1.09,0.6731,15.58
0.1,0.747,0.153,2.49,0.51,1,,13.748588709770196,15.159048660965988,,60.0,14.50981884057955,80.0,14.127791666767372,15.043190661450348,14.540728643216081,14.234280155654995,14.00101851851855,110.0,60.0,19.11,1.06,0.6374,12.55
0.15,0.7055,0.1445,2.49,0.51,1,,13.748588709770196,15.159048660965988,,60.0,14.50981884057955,80.0,14.127791666767372,15.043190661450348,14.540728643216081,14.234280155654995,14.00101851851855,110.0,60.0,18.57,0.98,0.6123,11.27
0.2,0.664,0.136,2.49,0.51,1,,13.748588709770196,15.159048660965988,,60.0,14.50981884057955,80.0,14.127791666767372,15.043190661450348,14.540728643216081,14.234280155654995,14.00101851851855,110.0,60.0,17.11,0.95,0.5499,8.92
0.08,0.8004,0.1196,2.641,0.3588,1,,13.748588709770196,13.488257532983164,13.549629738678034,,14.50981884057955,,15.422352987268296,15.043190661450348,14.540728643216081,14.234280155654995,14.00101851851855,100.0,60.0,24.13,1.1,0.676,17.82
0.05,0.875,0.075,2.835,0.225,1,,13.748588709770196,13.488257532983164,13.549629738678034,,15.497538397221334,,14.127791666767372,15.043190661450348,14.540728643216081,14.234280155654995,14.00101851851855,120.0,60.0,24.47,1.1,0.779,21.0
0.05,0.875,0.075,2.835,0.225,1,,13.748588709770196,13.488257532983164,13.549629738678034,,15.497538397221334,,14.127791666767372,15.043190661450348,14.540728643216081,14.234280155654995,15.492099669224281,120.0,60.0,24.57,1.13,0.8,22.2
0.175,0.75,0.075,2.64,0.36,0,,15.131265603223945,15.28688956584411,,,14.96385926331051,,15.271361592621036,15.043190661450348,14.540728643216081,14.234280155654995,14.00101851851855,100.0,30.0,21.24,1.09,0.7757,18.14
0.05,0.79,0.16,3.0,0.0,1,,13.748588709770196,13.488257532983164,13.549629738678034,,14.38877980662606,,14.127791666767372,15.043190661450348,14.540728643216081,14.234280155654995,14.38877980662606,100.0,60.0,22.96,0.944,0.633,13.72
0.05,0.7885,0.1615,2.7,0.3,0,,15.131265603223945,11.944967703183918,14.933470884212586,25.0,15.029404139433549,25.0,12.108966965883685,15.043190661450348,14.540728643216081,14.234280155654995,14.00101851851855,100.0,10.0,22.2,1.023,0.82,17.7
0.05,0.7885,0.1615,2.7,0.3,0,,14.698437975609995,11.944967703183918,14.933470884212586,26.0,15.029404139433549,26.0,12.108966965883685,15.043190661450348,14.540728643216081,14.234280155654995,14.00101851851855,100.0,10.0,21.2,1.027,0.76,16.1
0.05,0.7885,0.1615,2.7,0.3,0,,15.131265603223945,11.944967703183918,14.933470884212586,25.0,15.029404139433549,10.0,12.108966965883685,15.043190661450348,14.540728643216081,14.234280155654995,14.00101851851855,100.0,10.0,21.9,0.878,0.68,13.0
0.05,0.7885,0.1615,2.7,0.3,0,,15.131265603223945,11.944967703183918,14.933470884212586,25.0,15.029404139433549,45.0,12.108966965883685,15.043190661450348,14.540728643216081,14.234280155654995,14.00101851851855,100.0,10.0,22.2,1.024,0.75,17.0
0.0,0.4,0.6,3.0,0.0,1,,13.748588709770196,15.159048660965988,,,14.50981884057955,,14.127791666767372,13.387363546219715,14.540728643216081,,,,,18.96,0.992,0.692,13.4
0.05,0.79,0.15,2.45,0.55,1,,13.748588709770196,13.488257532983164,13.549629738678034,,14.50981884057955,,14.127791666767372,15.043190661450348,14.540728643216081,14.234280155654995,14.00101851851855,100.0,60.0,22.43,1.08,0.8048,19.5
0.1,0.747,0.153,2.49,0.51,1,,13.748588709770196,13.488257532983164,13.549629738678034,,14.50981884057955,,14.127791666767372,,14.2820908576484,,14.00101851851855,100.0,60.0,21.5,1.06,0.67,12.9
0.05,0.75,0.2,2.88,0.12,1,,15.131265603223945,15.569879212259472,,,14.50981884057955,,14.127791666767372,15.043190661450348,14.540728643216081,,14.00101851851855,150.0,15.0,25.19,1.13,0.804,22.97
0.07,0.9,0.03,2.76,0.24,1,,13.748588709770196,13.488257532983164,13.549629738678034,,14.50981884057955,,14.127791666767372,15.043190661450348,14.540728643216081,14.234280155654995,14.00101851851855,150.0,30.0,24.5,1.08,0.76,20.52
0.07,0.9,0.03,2.76,0.24,1,,13.748588709770196,13.488257532983164,13.549629738678034,,15.263108754345405,,14.127791666767372,15.043190661450348,14.540728643216081,14.234280155654995,15.263108754345405,150.0,30.0,23.96,1.1,0.76,20.44
0.07,0.9,0.03,2.76,0.24,1,,13.748588709770196,13.488257532983164,13.549629738678034,,15.51812136409688,,14.127791666767372,15.043190661450348,14.540728643216081,14.234280155654995,15.51812136409688,150.0,30.0,24.14,1.12,0.81,22.4
0.07,0.9,0.03,2.76,0.24,1,,13.748588709770196,13.488257532983164,13.549629738678034,,15.24702550319064,,14.127791666767372,15.043190661450348,14.540728643216081,14.234280155654995,15.480389906531611,150.0,30.0,23.85,1.15,0.79,22.11
0.07,0.9,0.03,2.76,0.24,1,,13.748588709770196,13.488257532983164,13.549629738678034,,15.24702550319064,,14.127791666767372,15.043190661450348,14.540728643216081,14.234280155654995,15.335969499988684,150.0,30.0,24.5,1.12,0.75,21.0
0.07,0.9,0.03,2.76,0.24,1,,13.748588709770196,13.488257532983164,13.549629738678034,,15.24702550319064,,14.127791666767372,15.043190661450348,14.540728643216081,14.234280155654995,14.95865492433599,150.0,30.0,21.97,1.14,0.71,18.1
0.07,0.9,0.03,2.76,0.24,1,,13.748588709770196,13.488257532983164,13.549629738678034,,15.24702550319064,,14.127791666767372,15.043190661450348,14.540728643216081,14.234280155654995,14.529296958938097,150.0,30.0,22.09,1.11,0.6,14.8
0.05,0.8075,0.1425,2.55,0.45,1,,13.748588709770196,13.488257532983164,13.549629738678034,,13.70310814673306,,14.127791666767372,12.718995012112048,14.540728643216081,14.234280155654995,14.00101851851855,100.0,60.0,14.68,1.08,0.53,8.45
0.05,0.8075,0.1425,2.55,0.45,1,,13.748588709770196,13.488257532983164,13.549629738678034,,14.499372009834607,,14.127791666767372,12.718995012112048,14.540728643216081,14.234280155654995,14.00101851851855,100.0,60.0,19.41,1.09,0.69,14.57
0.05,0.8075,0.1425,2.55,0.45,1,,13.748588709770196,13.488257532983164,13.549629738678034,,13.502741096214043,,14.127791666767372,12.718995012112048,14.540728643216081,14.234280155654995,14.00101851851855,100.0,60.0,13.65,1.05,0.48,6.91
0.05,0.8075,0.1425,2.55,0.45,1,,13.748588709770196,13.488257532983164,13.549629738678034,,14.167595400208963,,14.127791666767372,12.718995012112048,14.540728643216081,14.234280155654995,14.00101851851855,100.0,60.0,18.23,1.06,0.62,12.02
0.05,0.8075,0.1425,2.55,0.45,1,,13.748588709770196,15.257904415370884,,,15.228021373910407,,14.127791666767372,15.043190661450348,14.540728643216081,14.234280155654995,14.00101851851855,100.0,60.0,23.2,1.16,0.76,20.4
0.05,0.8075,0.1425,2.55,0.45,1,,13.748588709770196,15.569879212259472,,,15.228021373910407,,14.127791666767372,15.043190661450348,14.540728643216081,14.234280155654995,14.00101851851855,100.0,60.0,22.4,1.13,0.74,19.0
0.05,0.85,0.15,2.55,0.45,1,,13.748588709770196,14.96646143279777,,,14.50981884057955,,15.271361592621036,15.043190661450348,14.540728643216081,14.86456493872716,14.00101851851855,150.0,20.0,22.74,1.078,0.7324,18.16
0.05,0.85,0.15,2.55,0.45,1,,13.748588709770196,14.93913865318154,,,14.50981884057955,,15.271361592621036,15.043190661450348,14.540728643216081,14.86456493872716,14.00101851851855,150.0,20.0,22.27,1.098,0.7296,17.95
0.05,0.85,0.15,2.55,0.45,1,,13.748588709770196,15.009397229337559,,,14.50981884057955,,15.271361592621036,15.043190661450348,14.540728643216081,14.86456493872716,14.00101851851855,150.0,20.0,23.18,1.118,0.7627,18.49
0.0,0.85,0.15,2.55,0.45,1,,13.748588709770196,14.997687466644889,,,14.50981884057955,,14.127791666767372,15.043190661450348,14.540728643216081,14.234280155654995,14.00101851851855,100.0,60.0,21.3,1.14,0.74,18.4
0.05,0.7885,0.1615,2.49,0.51,0,,13.748588709770196,11.944967703183918,14.3211233999573,,11.599997776310113,,15.271361592621036,,14.540728643216081,14.234280155654995,14.00101851851855,100.0,60.0,20.2,0.86,,13.2
0.05,0.8,0.15,2.5,0.5,1,,15.131265603223945,15.569879212259472,,,14.50981884057955,,14.127791666767372,15.043190661450348,14.540728643216081,14.234280155654995,14.00101851851855,100.0,60.0,23.6,1.11,76,19.9
0.1,0.765,0.135,2.55,0.45,0,,15.131265603223945,15.569879212259472,,,14.50981884057955,,15.271361592621036,14.10101466327603,,14.234280155654995,14.00101851851855,,,19.81,0.95,0.7,13.41
0.05,0.7885,0.1615,2.49,0.51,0,,13.748588709770196,11.944967703183918,,,11.599997776310113,,15.271361592621036,15.043190661450348,14.540728643216081,14.234280155654995,14.00101851851855,100.0,60.0,22.28,0.94,0.72,15.06
0.05,0.54,0.41,2.94,0.06,1,,15.131265603223945,15.569879212259472,,,14.50981884057955,,14.127791666767372,15.043190661450348,14.540728643216081,,14.00101851851855,150.0,15.0,24.03,1.095,0.7477,19.68
0.05,0.54,0.41,2.94,0.06,1,,15.131265603223945,15.569879212259472,,,14.50981884057955,,14.127791666767372,15.043190661450348,14.540728643216081,,15.455669296402641,150.0,15.0,24.23,1.126,0.8035,21.92
0.0,0.976,0.024,2.928,0.072,1,,15.131265603223945,15.569879212259472,,,14.50981884057955,,15.271361592621036,15.043190661450348,14.540728643216081,,14.00101851851855,150.0,20.0,24.03,1.09,0.6801,18.59
0.03,0.945,0.025,2.925,0.075,1,,15.131265603223945,15.569879212259472,,,14.50981884057955,,15.271361592621036,15.043190661450348,14.540728643216081,,14.00101851851855,150.0,20.0,24.22,1.12,0.702,19.5
0.05,0.95,0.0,3.0,0.0,1,,15.131265603223945,15.008992549550658,,,14.50981884057955,,15.271361592621036,15.043190661450348,14.540728643216081,14.234280155654995,14.36215413943355,130.0,5.0,19.66,1.12,0.6434,14.17
0.1,0.9,0.0,3.0,0.0,1,,15.131265603223945,15.008992549550658,,,14.50981884057955,,15.271361592621036,15.043190661450348,14.540728643216081,14.234280155654995,14.36215413943355,130.0,5.0,20.36,1.11,0.706,15.96
0.15,0.85,0.0,3.0,0.0,1,,15.131265603223945,15.008992549550658,,,14.50981884057955,,15.271361592621036,15.043190661450348,14.540728643216081,14.234280155654995,14.36215413943355,130.0,5.0,21.4,1.12,0.6969,16.7
0.2,0.8,0.0,3.0,0.0,1,,15.131265603223945,15.008992549550658,,,14.50981884057955,,15.271361592621036,15.043190661450348,14.540728643216081,14.234280155654995,14.36215413943355,130.0,5.0,19.56,1.1,0.6895,14.48
0.25,0.75,0.0,3.0,0.0,1,,15.131265603223945,15.008992549550658,,,14.50981884057955,,15.271361592621036,15.043190661450348,14.540728643216081,14.234280155654995,14.36215413943355,130.0,5.0,19.5,1.1,0.6344,13.61
0.15,0.8,0.05,3.0,0.0,1,,15.131265603223945,15.008992549550658,,,14.50981884057955,,15.271361592621036,15.043190661450348,14.540728643216081,14.234280155654995,14.36215413943355,110.0,5.0,22.72,1.12,0.7204,18.33
0.15,0.75,0.1,3.0,0.0,1,,15.131265603223945,15.008992549550658,,,14.50981884057955,,15.271361592621036,15.043190661450348,14.540728643216081,14.234280155654995,14.36215413943355,110.0,5.0,23.15,1.13,0.7681,20.09
0.15,0.7,0.15,3.0,0.0,1,,15.131265603223945,15.008992549550658,,,14.50981884057955,,15.271361592621036,15.043190661450348,14.540728643216081,14.234280155654995,14.36215413943355,110.0,5.0,23.08,1.13,0.7494,19.54
0.15,0.6,0.25,3.0,0.0,1,,15.131265603223945,15.008992549550658,,,14.50981884057955,,15.271361592621036,15.043190661450348,14.540728643216081,14.234280155654995,14.36215413943355,110.0,5.0,22.81,1.12,0.714,18.24
0.0,1.0,0.0,3.0,0.0,1,,15.131265603223945,15.008992549550658,,,14.50981884057955,,15.271361592621036,15.043190661450348,14.540728643216081,14.234280155654995,14.36215413943355,150.0,5.0,18.82,1.11,0.6284,13.11
0.05,0.7885,0.1615,2.515,0.4845,0,,15.131265603223945,15.438223786374428,,,14.724459670482593,,15.422352987268296,13.387363546219715,14.540728643216081,15.164991764957216,14.00101851851855,100.0,60.0,21.1,0.94,0.821,16.3
0.05,0.7885,0.1615,2.515,0.4845,0,,15.131265603223945,15.438223786374428,,,14.997687466644889,,15.422352987268296,13.387363546219715,14.540728643216081,15.164991764957216,14.00101851851855,100.0,60.0,22.2,1.03,0.808,18.4
0.05,0.7885,0.1615,2.515,0.4845,0,,15.131265603223945,15.438223786374428,,,15.049730856390088,,15.422352987268296,13.387363546219715,14.540728643216081,15.164991764957216,14.00101851851855,100.0,60.0,22.2,1.07,0.798,18.8
0.05,0.7885,0.1615,2.515,0.4845,0,,15.131265603223945,15.438223786374428,,,14.91962238202709,,15.422352987268296,13.387363546219715,14.540728643216081,15.164991764957216,14.00101851851855,100.0,60.0,22,1.08,0.753,17.8
0.05,0.7885,0.1615,2.515,0.4845,0,,15.131265603223945,15.438223786374428,,,14.607362043555895,,15.422352987268296,13.387363546219715,14.540728643216081,15.164991764957216,14.00101851851855,100.0,60.0,21.6,1.09,0.65,15.4
0.05,0.7885,0.1615,2.515,0.4845,0,,15.131265603223945,15.438223786374428,,,15.192850178189385,,15.422352987268296,13.387363546219715,14.540728643216081,15.164991764957216,14.00101851851855,100.0,60.0,22.5,1.11,0.799,19.9
0.05,0.76,0.19,2.43,0.57,1,,13.748588709770196,13.488257532983164,13.549629738678034,,14.241757230595871,,14.127791666767372,15.043190661450348,14.540728643216081,14.234280155654995,14.00101851851855,,,18.5,0.991,0.7,12.59
0.05,0.7885,0.1615,2.49,0.51,0,,13.748588709770196,15.438223786374428,,,15.029404139433549,,15.271361592621036,15.043190661450348,14.540728643216081,14.234280155654995,14.00101851851855,100.0,60.0,20.29,,,13.7
0.05,0.7885,0.1615,2.49,0.51,1,,13.748588709770196,13.488257532983164,13.549629738678034,,14.50981884057955,,14.127791666767372,15.043190661450348,14.540728643216081,14.234280155654995,14.00101851851855,100.0,30.0,22.4,1.1,0.78,19.2
0.0,0.83,0.17,2.49,0.51,1,,13.748588709770196,13.488257532983164,13.549629738678034,,14.50981884057955,,14.127791666767372,15.043190661450348,14.540728643216081,14.234280155654995,14.00101851851855,100.0,30.0,19.2,1.1,0.77,16.3
0.1,0.747,0.153,2.49,0.51,1,,13.748588709770196,13.488257532983164,,,14.50981884057955,,15.422352987268296,15.043190661450348,14.540728643216081,14.234280155654995,14.00101851851855,100.0,60.0,18,1.09,0.72,14.1
0.1,0.747,0.153,2.49,0.51,1,,13.748588709770196,13.488257532983164,13.549629738678034,,14.50981884057955,,15.422352987268296,15.043190661450348,14.540728643216081,14.234280155654995,14.00101851851855,100.0,60.0,23.5,1.11,0.77,20.0
0.1,0.747,0.153,2.49,0.51,1,,13.748588709770196,14.369822431262456,,,14.50981884057955,,15.422352987268296,15.043190661450348,14.540728643216081,14.234280155654995,14.00101851851855,100.0,60.0,15.1,1.03,0.63,9.8
0.1,0.747,0.153,2.49,0.51,1,,13.748588709770196,14.369822431262456,13.549629738678034,,14.50981884057955,,15.422352987268296,15.043190661450348,14.540728643216081,14.234280155654995,14.00101851851855,100.0,60.0,21.8,1.1,0.73,17.5
0.05,0.8,0.15,2.55,0.45,1,,13.748588709770196,13.488257532983164,,,14.50981884057955,,14.127791666767372,15.043190661450348,14.540728643216081,14.234280155654995,14.00101851851855,100.0,60.0,22.39,1.104,0.75,18.24
0.05,0.8,0.15,2.55,0.45,1,,13.748588709770196,13.488257532983164,,,14.50981884057955,,14.127791666767372,15.043190661450348,14.540728643216081,14.234280155654995,15.071849297031797,100.0,60.0,22.51,1.116,0.76,18.97
0.05,0.8,0.15,2.55,0.45,1,,13.748588709770196,13.488257532983164,,,14.50981884057955,,14.127791666767372,15.043190661450348,14.540728643216081,14.234280155654995,15.178538246009456,100.0,60.0,22.82,1.145,0.76,19.79
0.05,0.8,0.15,2.55,0.45,1,,13.748588709770196,13.488257532983164,,,14.50981884057955,,14.127791666767372,13.387363546219715,14.540728643216081,14.234280155654995,14.950848415874209,100.0,60.0,22.31,1.085,0.76,18.04
0.0,0.95,0.05,2.94,0.06,1,,13.748588709770196,13.488257532983164,13.549629738678034,,14.50981884057955,,14.127791666767372,13.387363546219715,14.540728643216081,14.234280155654995,14.00101851851855,150.0,30.0,20.18,0.972,0.665,13.04
0.06,0.8,0.14,2.58,0.42,1,,13.748588709770196,15.159048660965988,,,14.50981884057955,,15.271361592621036,15.043190661450348,14.540728643216081,14.234280155654995,14.00101851851855,100.0,30.0,23.06,1.09,0.779,19.61
0.06,0.8,0.14,2.58,0.42,1,,13.748588709770196,15.159048660965988,,,14.50981884057955,,15.271361592621036,15.043190661450348,14.540728643216081,14.234280155654995,15.385410720246622,100.0,30.0,23.46,1.12,0.807,21.38
0.06,0.8,0.14,2.58,0.42,1,,13.748588709770196,15.159048660965988,,,14.50981884057955,,15.271361592621036,15.043190661450348,14.540728643216081,14.234280155654995,15.384109635502993,100.0,30.0,23.65,1.1,0.814,21.37
0.06,0.8,0.14,2.58,0.42,1,,13.748588709770196,15.159048660965988,,,14.50981884057955,,15.271361592621036,15.043190661450348,14.540728643216081,14.234280155654995,15.47908882178798,100.0,30.0,23.86,1.13,0.818,22.1
0.06,0.8,0.14,2.58,0.42,1,,13.748588709770196,15.159048660965988,,,14.50981884057955,,15.271361592621036,15.043190661450348,14.540728643216081,14.234280155654995,15.332066245757794,100.0,30.0,23.53,1.09,0.816,20.97
0.06,0.8,0.14,2.58,0.42,1,,13.748588709770196,15.159048660965988,,,14.50981884057955,,15.271361592621036,15.043190661450348,14.540728643216081,14.234280155654995,15.282625025499854,100.0,30.0,23.83,1.09,0.792,20.59
0.065,0.6545,0.2805,2.67,0.33,1,,15.131265603223945,15.569879212259472,,,14.27818760341751,,12.108966965883685,15.043190661450348,14.540728643216081,,14.00101851851855,150.0,15.0,21.12,1.02,0.6057,12.87
0.065,0.6545,0.2805,2.67,0.33,1,,15.131265603223945,15.569879212259472,,,14.430414518422218,,12.108966965883685,15.043190661450348,14.540728643216081,,14.00101851851855,150.0,15.0,22.23,1.04,0.6215,14.04
0.065,0.6545,0.2805,2.67,0.33,1,,15.131265603223945,15.569879212259472,,,14.456436213294818,,12.108966965883685,15.043190661450348,14.540728643216081,,14.00101851851855,150.0,15.0,22.43,1.03,0.6248,14.24
0.065,0.6545,0.2805,2.67,0.33,1,,15.131265603223945,15.569879212259472,,,14.563125162272476,,12.108966965883685,15.043190661450348,14.540728643216081,,14.00101851851855,150.0,15.0,23.43,1.02,0.6196,15.06
0.065,0.6545,0.2805,2.67,0.33,1,,15.131265603223945,15.569879212259472,,,14.449930789576667,,12.108966965883685,15.043190661450348,14.540728643216081,,14.00101851851855,150.0,15.0,22.36,1.02,0.6199,14.19
0.05,0.7885,0.1615,2.49,0.51,1,,15.131265603223945,15.569879212259472,,,14.50981884057955,,14.127791666767372,15.043190661450348,14.540728643216081,14.234280155654995,14.00101851851855,110.0,50.0,22.25,1.116,0.768,19.07
0.05,0.7885,0.1615,2.49,0.51,1,,15.131265603223945,15.569879212259472,,,15.211065364600206,,14.127791666767372,15.043190661450348,14.540728643216081,14.234280155654995,14.00101851851855,110.0,50.0,23.09,1.137,0.763,20.04
0.05,0.7885,0.1615,2.49,0.51,1,,15.131265603223945,15.569879212259472,,,15.390615059221142,,14.127791666767372,15.043190661450348,14.540728643216081,14.234280155654995,14.00101851851855,110.0,50.0,23.74,1.16,0.778,21.42
0.05,0.7885,0.1615,2.49,0.51,1,,15.131265603223945,15.569879212259472,,,15.242291398447325,,14.127791666767372,15.043190661450348,14.540728643216081,14.234280155654995,14.00101851851855,110.0,50.0,22.81,1.152,0.772,20.28
0.05,0.7885,0.1615,2.49,0.51,1,,13.748588709770196,14.892146700255825,,,14.50981884057955,,14.127791666767372,13.387363546219715,14.908969235021235,14.234280155654995,14.00101851851855,100.0,60.0,23.3,1.08,0.738,17.3
0.05,0.7885,0.1615,2.49,0.51,1,,13.748588709770196,14.892146700255825,,,14.50981884057955,,14.127791666767372,13.387363546219715,14.908969235021235,14.646394585864794,14.00101851851855,100.0,60.0,23.1,1.09,0.627,15.7
0.05,0.7885,0.1615,2.49,0.51,1,,13.748588709770196,14.892146700255825,,,14.50981884057955,,14.127791666767372,13.387363546219715,14.908969235021235,14.984676619208589,14.00101851851855,100.0,60.0,24.8,1.1,0.696,18.3
0.0,0.85,0.15,2.55,0.45,1,,15.131265603223945,15.569879212259472,,,14.50981884057955,,14.127791666767372,15.043190661450348,14.540728643216081,15.05382034437659,14.00101851851855,130.0,30.0,20.92,1.12,0.6557,15.46
0.0,0.85,0.15,2.55,0.45,1,,15.131265603223945,15.569879212259472,,,14.50981884057955,,14.127791666767372,15.043190661450348,14.540728643216081,14.799922585613132,14.00101851851855,130.0,30.0,21.68,1.14,0.6744,16.88
0.0,0.85,0.15,2.55,0.45,1,,15.131265603223945,15.569879212259472,,,14.50981884057955,,14.127791666767372,15.043190661450348,14.540728643216081,14.91311695830894,14.00101851851855,130.0,30.0,21.95,1.15,0.7057,17.75
0.0,0.85,0.15,2.55,0.45,1,,15.131265603223945,15.569879212259472,,,14.50981884057955,,14.127791666767372,15.043190661450348,14.540728643216081,14.993784212413999,14.00101851851855,130.0,30.0,22.56,1.15,0.7263,18.37
0.0,0.85,0.15,2.55,0.45,1,,15.131265603223945,15.569879212259472,,,14.50981884057955,,14.127791666767372,15.043190661450348,14.540728643216081,14.883192009205452,14.00101851851855,130.0,30.0,21.74,1.16,0.6985,17.52
0.0,0.85,0.15,2.55,0.45,1,,15.131265603223945,15.569879212259472,,,14.50981884057955,,14.127791666767372,15.043190661450348,14.540728643216081,14.234280155654995,14.00101851851855,130.0,30.0,22.13,1.15,0.7141,18.17
0.0,0.85,0.15,2.55,0.45,1,,15.131265603223945,15.569879212259472,,,14.50981884057955,,14.127791666767372,15.043190661450348,14.540728643216081,14.816836687280322,14.00101851851855,130.0,30.0,20.92,1.11,0.7322,17.01
0.05,0.79,0.16,2.5,0.5,1,,15.131265603223945,15.159048660965988,,,14.359892856719421,,14.127791666767372,15.043190661450348,14.540728643216081,14.234280155654995,14.475952484449268,100.0,60.0,19.4,1.04,0.71,14.39
0.05,0.79,0.16,2.5,0.5,1,,15.131265603223945,15.159048660965988,,,14.359892856719421,,14.127791666767372,15.043190661450348,14.540728643216081,14.234280155654995,14.00101851851855,100.0,60.0,17.36,1.03,0.71,12.77
0.17,0.83,0.0,1.8,1.2,0,,15.131265603223945,15.438223786374428,14.641134841501424,,15.76762475068065,,15.271361592621036,,14.540728643216081,14.864158233543485,14.00101851851855,100.0,30.0,16.1,1.08,0.75,12.7
0.17,0.83,0.0,1.8,1.2,0,,15.131265603223945,15.438223786374428,14.641134841501424,,14.4252101794477,,15.271361592621036,,14.540728643216081,14.864158233543485,14.00101851851855,100.0,30.0,16.7,1.13,0.79,14.0
0.17,0.83,0.0,1.8,1.2,0,,15.131265603223945,15.438223786374428,14.641134841501424,,14.581340348683296,,15.271361592621036,,14.540728643216081,14.864158233543485,14.00101851851855,100.0,30.0,17,1.21,0.75,15.2
0.17,0.83,0.0,1.8,1.2,0,,15.131265603223945,15.438223786374428,14.641134841501424,,14.685427128173695,,15.271361592621036,,14.540728643216081,14.864158233543485,14.00101851851855,100.0,30.0,17.3,1.22,0.77,16.0
0.17,0.83,0.0,1.8,1.2,0,,15.131265603223945,15.438223786374428,14.641134841501424,,14.815535602536691,,15.271361592621036,,14.540728643216081,14.864158233543485,15.03652243629475,150.0,10.0,17.2,1.25,0.78,17.0
0.05,0.88,0.07,3.0,0.0,0,,13.748588709770196,11.944967703183918,14.641134841501424,,15.764026380642946,,15.271361592621036,13.387363546219715,14.540728643216081,15.764026380642946,14.00101851851855,100.0,15.0,25.08,1.167,0.8401,24.29
0.05,0.8,0.15,2.85,0.15,1,,13.748588709770196,15.569879212259472,,,14.50981884057955,,15.271361592621036,,,,,,,24.02,1.09,0.76,19.93
1.0,0.0,0.0,1.0,2.0,1,,13.748588709770196,13.488257532983164,,,14.50981884057955,,15.271361592621036,15.043190661450348,14.540728643216081,,14.36215413943355,225.0,10.0,11.5,1.26,0.73,10.6
0.0,0.0,1.0,3.0,0.0,0,1.6,15.131265603223945,11.944967703183918,,,11.599997776310113,,15.271361592621036,15.043190661450348,14.540728643216081,14.234280155654995,14.00101851851855,100.0,10.0,19.6,0.92,0.73,14.07
0.0,0.4,0.6,3.0,0.0,1,1.53,13.748588709770196,13.488257532983164,13.549629738678034,,14.50981884057955,,14.127791666767372,15.043190661450348,14.540728643216081,11.813466461809323,14.198525610001711,75.0,10.0,21.2,1.003,0.7,14.9
0.0,0.4,0.6,3.0,0.0,0,1.53,15.131265603223945,11.944967703183918,,,11.599997776310113,,14.2951017050847,15.043190661450348,14.540728643216081,11.813466461809323,14.198525610001711,100.0,120.0,18.95,0.943,0.731,13.0
0.0,0.87,0.13,3.0,0.0,1,1.52,13.748588709770196,13.488257532983164,,,14.50981884057955,,14.127791666767372,15.043190661450348,14.540728643216081,11.813466461809323,14.198525610001711,,,15.7,1.0,0.56,8.73
0.0,0.0,1.0,3.0,0.0,1,,13.748588709770196,13.488257532983164,13.549629738678034,,14.50981884057955,,14.127791666767372,13.387363546219715,14.540728643216081,11.813466461809323,14.36215413943355,100.0,60.0,19.79,0.987,0.7418,14.49
0.0,0.15,0.85,3.0,0.0,1,,13.748588709770196,13.488257532983164,13.549629738678034,,14.50981884057955,,14.127791666767372,13.387363546219715,14.540728643216081,11.813466461809323,14.36215413943355,100.0,60.0,19.9,0.994,0.7332,14.5
0.0,0.3,0.7,3.0,0.0,1,,13.748588709770196,13.488257532983164,13.549629738678034,,14.50981884057955,,14.127791666767372,13.387363546219715,14.540728643216081,11.813466461809323,14.36215413943355,100.0,60.0,19.84,0.899,0.7139,12.73
0.0,0.4,0.6,3.0,0.0,1,1.53,13.748588709770196,13.488257532983164,13.549629738678034,,14.50981884057955,,14.127791666767372,13.387363546219715,14.540728643216081,11.813466461809323,14.36215413943355,100.0,60.0,20.87,0.975,0.6997,14.23
0.0,0.5,0.5,3.0,0.0,1,,13.748588709770196,13.488257532983164,13.549629738678034,,14.50981884057955,,14.127791666767372,13.387363546219715,14.540728643216081,11.813466461809323,14.36215413943355,120.0,60.0,19.92,0.929,0.5499,10.18
0.0,0.85,0.15,3.0,0.0,1,,13.748588709770196,13.488257532983164,13.549629738678034,,14.50981884057955,,14.127791666767372,13.387363546219715,14.540728643216081,11.813466461809323,14.36215413943355,150.0,60.0,15.66,0.805,0.598,7.53
0.0,1.0,0.0,3.0,0.0,1,,13.748588709770196,13.488257532983164,13.549629738678034,,14.50981884057955,,14.127791666767372,13.387363546219715,14.540728643216081,11.813466461809323,14.36215413943355,150.0,60.0,17.55,0.802,0.655,9.22
0.0,0.4,0.6,3.0,0.0,0,1.55,15.131265603223945,15.438223786374428,14.641134841501424,,15.76762475068065,,15.422352987268296,13.387363546219715,14.540728643216081,11.813466461809323,14.984676619208589,100.0,60.0,23,1.03,0.77,18.3
0.0,0.4,0.6,3.0,0.0,0,1.53,15.131265603223945,11.944967703183918,,,11.599997776310113,,15.271361592621036,15.043190661450348,14.540728643216081,11.813466461809323,14.33153207790634,100.0,5.0,20.96,0.979,0.647,13.28
0.0,0.75,0.25,3.0,0.0,1,1.545,13.748588709770196,13.488257532983164,13.549629738678034,,14.50981884057955,,14.127791666767372,13.387363546219715,14.540728643216081,11.813466461809323,14.198525610001711,140.0,10.0,21.1,1.03,0.7138,15.51
0.0,0.0,1.0,3.0,0.0,0,1.52,15.131265603223945,11.944967703183918,,,11.599997776310113,,12.108966965883685,13.387363546219715,14.540728643216081,11.813466461809323,11.742799527037969,110.0,10.0,8.89,0.89,0.7,5.51
0.05,0.0,0.95,3.0,0.0,0,1.51,15.131265603223945,11.944967703183918,,,11.599997776310113,,12.108966965883685,13.387363546219715,14.540728643216081,11.813466461809323,11.742799527037969,110.0,10.0,8.69,1.01,0.72,6.29
0.1,0.0,0.9,3.0,0.0,0,1.54,15.131265603223945,11.944967703183918,,,11.599997776310113,,12.108966965883685,13.387363546219715,14.540728643216081,11.813466461809323,11.742799527037969,110.0,10.0,10.1,1.05,0.73,7.68
0.2,0.0,0.8,3.0,0.0,0,1.57,15.131265603223945,11.944967703183918,,,11.599997776310113,,12.108966965883685,13.387363546219715,14.540728643216081,11.813466461809323,11.742799527037969,110.0,10.0,6.76,1.04,0.65,4.58
0.3,0.0,0.7,3.0,0.0,0,1.58,15.131265603223945,11.944967703183918,,,11.599997776310113,,12.108966965883685,13.387363546219715,14.540728643216081,11.813466461809323,11.742799527037969,110.0,10.0,5.85,1.04,0.62,3.78
0.4,0.0,0.6,3.0,0.0,0,1.62,15.131265603223945,11.944967703183918,,,11.599997776310113,,12.108966965883685,13.387363546219715,14.540728643216081,11.813466461809323,11.742799527037969,110.0,10.0,4.26,1.03,0.57,2.5
0.6,0.0,0.4,3.0,0.0,0,1.68,15.131265603223945,11.944967703183918,,,11.599997776310113,,12.108966965883685,13.387363546219715,14.540728643216081,11.813466461809323,11.742799527037969,110.0,10.0,1.5,1.01,0.52,0.79
0.8,0.0,0.2,3.0,0.0,0,1.72,15.131265603223945,11.944967703183918,,,11.599997776310113,,12.108966965883685,13.387363546219715,14.540728643216081,11.813466461809323,11.742799527037969,110.0,10.0,0.58,0.84,0.46,0.22
1.0,0.0,0.0,3.0,0.0,0,2.05,15.131265603223945,11.944967703183918,,,11.599997776310113,,12.108966965883685,13.387363546219715,14.540728643216081,11.813466461809323,11.742799527037969,110.0,10.0,0.26,0.79,0.45,0.09
0.1,0.9,0.0,3.0,0.0,1,1.55,13.748588709770196,13.488257532983164,,,14.50981884057955,,15.271361592621036,13.387363546219715,14.540728643216081,15.164991764957216,14.198525610001711,150.0,5.0,23.5,1.06,0.663,16.5
0.0,1.0,0.0,3.0,0.0,1,,13.748588709770196,13.488257532983164,,,14.50981884057955,,15.271361592621036,12.718995012112048,14.540728643216081,11.813466461809323,14.00101851851855,170.0,10.0,19.69,1.06,0.68,14.2
0.15,0.85,0.0,3.0,0.0,1,1.52,13.748588709770196,13.488257532983164,,,14.50981884057955,,15.271361592621036,12.718995012112048,14.540728643216081,11.813466461809323,14.00101851851855,170.0,10.0,20.39,1.06,0.74,16.1
0.3,0.7,0.0,3.0,0.0,1,,13.748588709770196,13.488257532983164,,,14.50981884057955,,15.271361592621036,12.718995012112048,14.540728643216081,11.813466461809323,14.00101851851855,170.0,10.0,19.46,1.04,0.73,14.8
0.45,0.55,0.0,3.0,0.0,1,,13.748588709770196,13.488257532983164,,,14.50981884057955,,15.271361592621036,12.718995012112048,14.540728643216081,11.813466461809323,14.00101851851855,170.0,10.0,18.09,0.94,0.56,9.6
0.7,0.3,0.0,3.0,0.0,1,,13.748588709770196,13.488257532983164,,,14.50981884057955,,15.271361592621036,12.718995012112048,14.540728643216081,11.813466461809323,14.00101851851855,170.0,10.0,18.08,1.0,0.56,10.2
0.2,0.8,0.0,3.0,0.0,1,1.56,13.748588709770196,13.488257532983164,13.549629738678034,,14.50981884057955,,14.127791666767372,15.043190661450348,14.540728643216081,14.234280155654995,14.00101851851855,100.0,10.0,21.5,1.017,0.701,15.69
0.2,0.8,0.0,2.84,0.16,1,1.58,13.748588709770196,13.488257532983164,13.549629738678034,,14.50981884057955,,14.127791666767372,15.043190661450348,14.540728643216081,14.234280155654995,14.00101851851855,100.0,10.0,21.9,1.073,0.742,17.35
0.0,0.83,0.17,1.8,1.2,1,1.74,13.748588709770196,15.569879212259472,14.734614611936987,,14.50981884057955,,15.271361592621036,13.387363546219715,14.540728643216081,,14.198525610001711,185.0,90.0,19.4,1.2,0.751,17.1
0.0,1.0,0.0,3.0,0.0,1,1.52,13.748588709770196,13.488257532983164,13.549629738678034,,14.50981884057955,,14.127791666767372,15.043190661450348,14.540728643216081,14.234280155654995,14.00101851851855,150.0,30.0,13.5,0.99,0.36,4.8
0.0,1.0,0.0,2.5,0.5,1,1.97,13.748588709770196,13.488257532983164,13.549629738678034,,14.50981884057955,,14.127791666767372,15.043190661450348,14.540728643216081,14.234280155654995,14.00101851851855,100.0,30.0,14.3,1.2,0.56,9.6
0.0,1.0,0.0,2.0,1.0,1,2.27,13.748588709770196,13.488257532983164,13.549629738678034,,14.50981884057955,,14.127791666767372,15.043190661450348,14.540728643216081,14.234280155654995,14.00101851851855,100.0,30.0,3.9,0.99,0.5,1.9
0.0,1.0,0.0,1.5,1.5,1,1.91,13.748588709770196,13.488257532983164,13.549629738678034,,14.50981884057955,,14.127791666767372,15.043190661450348,14.540728643216081,14.234280155654995,14.00101851851855,100.0,30.0,7.1,1.06,0.5,3.7
0.0,1.0,0.0,1.0,2.0,1,1.97,13.748588709770196,13.488257532983164,13.549629738678034,,14.50981884057955,,14.127791666767372,15.043190661450348,14.540728643216081,14.234280155654995,14.00101851851855,100.0,30.0,12.8,1.14,0.52,7.5
0.0,1.0,0.0,0.5,2.5,1,2.1,13.748588709770196,13.488257532983164,13.549629738678034,,14.50981884057955,,14.127791666767372,15.043190661450348,14.540728643216081,14.234280155654995,14.00101851851855,100.0,30.0,9.7,1.06,0.49,5.0
0.0,1.0,0.0,0.0,3.0,1,2.27,13.748588709770196,13.488257532983164,13.549629738678034,,14.50981884057955,,14.127791666767372,15.043190661450348,14.540728643216081,14.234280155654995,14.00101851851855,100.0,30.0,7.5,1.14,0.58,5.0
0.0,0.83,0.17,3.0,0.0,1,1.53,13.748588709770196,13.488257532983164,13.549629738678034,,14.50981884057955,,14.127791666767372,15.043190661450348,14.540728643216081,14.234280155654995,14.00101851851855,100.0,30.0,21.5,0.92,0.61,12.1
0.0,0.83,0.17,2.5,0.5,1,1.63,13.748588709770196,13.488257532983164,13.549629738678034,,14.50981884057955,,14.127791666767372,15.043190661450348,14.540728643216081,14.234280155654995,14.00101851851855,100.0,30.0,22.7,1.1,0.7,17.4
0.0,0.83,0.17,2.0,1.0,1,1.68,13.748588709770196,13.488257532983164,13.549629738678034,,14.50981884057955,,14.127791666767372,15.043190661450348,14.540728643216081,14.234280155654995,14.00101851851855,100.0,30.0,19.1,1.18,0.65,14.7
0.0,0.83,0.17,1.5,1.5,1,1.87,13.748588709770196,13.488257532983164,13.549629738678034,,14.50981884057955,,14.127791666767372,15.043190661450348,14.540728643216081,14.234280155654995,14.00101851851855,100.0,30.0,15.6,1.15,0.63,11.4
0.0,0.83,0.17,1.0,2.0,1,1.98,13.748588709770196,13.488257532983164,13.549629738678034,,14.50981884057955,,14.127791666767372,15.043190661450348,14.540728643216081,14.234280155654995,14.00101851851855,100.0,30.0,11.1,0.98,0.54,5.8
0.0,0.83,0.17,0.5,2.5,1,2.11,13.748588709770196,13.488257532983164,13.549629738678034,,14.50981884057955,,14.127791666767372,15.043190661450348,14.540728643216081,14.234280155654995,14.00101851851855,100.0,30.0,8.8,0.88,0.43,3.3
0.0,0.83,0.17,0.0,3.0,1,2.28,13.748588709770196,13.488257532983164,13.549629738678034,,14.50981884057955,,14.127791666767372,15.043190661450348,14.540728643216081,14.234280155654995,14.00101851851855,100.0,30.0,7,1.42,0.65,6.5
0.0,0.67,0.33,3.0,0.0,1,1.53,13.748588709770196,13.488257532983164,13.549629738678034,,14.50981884057955,,14.127791666767372,15.043190661450348,14.540728643216081,14.234280155654995,14.00101851851855,100.0,30.0,22.7,0.97,0.63,13.9
0.0,0.67,0.33,2.5,0.5,1,1.64,13.748588709770196,13.488257532983164,13.549629738678034,,14.50981884057955,,14.127791666767372,15.043190661450348,14.540728643216081,14.234280155654995,14.00101851851855,100.0,30.0,23.7,1.14,0.76,20.7
0.0,0.67,0.33,2.0,1.0,1,1.68,13.748588709770196,13.488257532983164,13.549629738678034,,14.50981884057955,,14.127791666767372,15.043190661450348,14.540728643216081,14.234280155654995,14.00101851851855,100.0,30.0,21.4,1.15,0.75,18.5
0.0,0.67,0.33,1.5,1.5,1,1.85,13.748588709770196,13.488257532983164,13.549629738678034,,14.50981884057955,,14.127791666767372,15.043190661450348,14.540728643216081,14.234280155654995,14.00101851851855,100.0,30.0,15.3,1.11,0.69,11.7
0.0,0.67,0.33,1.0,2.0,1,1.97,13.748588709770196,13.488257532983164,13.549629738678034,,14.50981884057955,,14.127791666767372,15.043190661450348,14.540728643216081,14.234280155654995,14.00101851851855,100.0,30.0,9.5,1.0,0.59,5.6
0.0,0.67,0.33,0.5,2.5,1,2.11,13.748588709770196,13.488257532983164,13.549629738678034,,14.50981884057955,,14.127791666767372,15.043190661450348,14.540728643216081,14.234280155654995,14.00101851851855,100.0,30.0,7.2,0.92,0.51,3.4
0.0,0.67,0.33,0.0,3.0,1,2.28,13.748588709770196,13.488257532983164,13.549629738678034,,14.50981884057955,,14.127791666767372,15.043190661450348,14.540728643216081,14.234280155654995,14.00101851851855,100.0,30.0,7,1.35,0.58,5.5
0.0,0.5,0.5,3.0,0.0,1,1.55,13.748588709770196,13.488257532983164,13.549629738678034,,14.50981884057955,,14.127791666767372,15.043190661450348,14.540728643216081,14.234280155654995,14.00101851851855,100.0,30.0,19.6,0.96,0.68,12.8
0.0,0.5,0.5,2.5,0.5,1,1.61,13.748588709770196,13.488257532983164,13.549629738678034,,14.50981884057955,,14.127791666767372,15.043190661450348,14.540728643216081,14.234280155654995,14.00101851851855,100.0,30.0,20.4,1.04,0.61,12.9
0.0,0.5,0.5,2.0,1.0,1,1.75,13.748588709770196,13.488257532983164,13.549629738678034,,14.50981884057955,,14.127791666767372,15.043190661450348,14.540728643216081,14.234280155654995,14.00101851851855,100.0,30.0,20,1.1,0.69,15.3
0.0,0.5,0.5,1.5,1.5,1,1.85,13.748588709770196,13.488257532983164,13.549629738678034,,14.50981884057955,,14.127791666767372,15.043190661450348,14.540728643216081,14.234280155654995,14.00101851851855,100.0,30.0,15.5,1.09,0.7,11.9
0.0,0.5,0.5,1.0,2.0,1,1.96,13.748588709770196,13.488257532983164,13.549629738678034,,14.50981884057955,,14.127791666767372,15.043190661450348,14.540728643216081,14.234280155654995,14.00101851851855,100.0,30.0,12.6,1.03,0.6,7.9
0.0,0.5,0.5,0.5,2.5,1,2.14,13.748588709770196,13.488257532983164,13.549629738678034,,14.50981884057955,,14.127791666767372,15.043190661450348,14.540728643216081,14.234280155654995,14.00101851851855,100.0,30.0,6.9,0.98,0.58,3.9
0.0,0.5,0.5,0.0,3.0,1,2.28,13.748588709770196,13.488257532983164,13.549629738678034,,14.50981884057955,,14.127791666767372,15.043190661450348,14.540728643216081,14.234280155654995,14.00101851851855,100.0,30.0,7,1.39,0.73,7.1
0.0,0.33,0.67,3.0,0.0,1,1.56,13.748588709770196,13.488257532983164,13.549629738678034,,14.50981884057955,,14.127791666767372,15.043190661450348,14.540728643216081,14.234280155654995,14.00101851851855,100.0,30.0,22.3,1.0,0.65,14.3
0.0,0.33,0.67,2.5,0.5,1,1.67,13.748588709770196,13.488257532983164,13.549629738678034,,14.50981884057955,,14.127791666767372,15.043190661450348,14.540728643216081,14.234280155654995,14.00101851851855,100.0,30.0,18.7,0.91,0.64,11.0
0.0,0.33,0.67,2.0,1.0,1,1.76,13.748588709770196,13.488257532983164,13.549629738678034,,14.50981884057955,,14.127791666767372,15.043190661450348,14.540728643216081,14.234280155654995,14.00101851851855,100.0,30.0,20.4,1.17,0.73,17.5
0.0,0.33,0.67,1.5,1.5,1,1.85,13.748588709770196,13.488257532983164,13.549629738678034,,14.50981884057955,,14.127791666767372,15.043190661450348,14.540728643216081,14.234280155654995,14.00101851851855,100.0,30.0,13.9,1.13,0.68,10.7
0.0,0.33,0.67,1.0,2.0,1,1.97,13.748588709770196,13.488257532983164,13.549629738678034,,14.50981884057955,,14.127791666767372,15.043190661450348,14.540728643216081,14.234280155654995,14.00101851851855,100.0,30.0,9,1.08,0.64,6.2
0.0,0.33,0.67,0.5,2.5,1,2.14,13.748588709770196,13.488257532983164,13.549629738678034,,14.50981884057955,,14.127791666767372,15.043190661450348,14.540728643216081,14.234280155654995,14.00101851851855,100.0,30.0,4.4,0.99,0.66,2.9
0.0,0.33,0.67,0.0,3.0,1,2.29,13.748588709770196,13.488257532983164,13.549629738678034,,14.50981884057955,,14.127791666767372,15.043190661450348,14.540728643216081,14.234280155654995,14.00101851851855,100.0,30.0,6.4,1.35,0.72,6.4
0.0,0.17,0.83,3.0,0.0,1,1.59,13.748588709770196,13.488257532983164,13.549629738678034,,14.50981884057955,,14.127791666767372,15.043190661450348,14.540728643216081,14.234280155654995,14.00101851851855,100.0,30.0,18.8,1.05,0.6,11.8
0.0,0.17,0.83,2.5,0.5,1,1.63,13.748588709770196,13.488257532983164,13.549629738678034,,14.50981884057955,,14.127791666767372,15.043190661450348,14.540728643216081,14.234280155654995,14.00101851851855,100.0,30.0,22.7,1.04,0.68,16.0
0.0,0.17,0.83,2.0,1.0,1,1.76,13.748588709770196,13.488257532983164,13.549629738678034,,14.50981884057955,,14.127791666767372,15.043190661450348,14.540728643216081,14.234280155654995,14.00101851851855,100.0,30.0,16.7,1.12,0.65,12.2
0.0,0.17,0.83,1.5,1.5,1,1.86,13.748588709770196,13.488257532983164,13.549629738678034,,14.50981884057955,,14.127791666767372,15.043190661450348,14.540728643216081,14.234280155654995,14.00101851851855,100.0,30.0,10.3,1.07,0.79,8.7
0.0,0.17,0.83,1.0,2.0,1,1.99,13.748588709770196,13.488257532983164,13.549629738678034,,14.50981884057955,,14.127791666767372,15.043190661450348,14.540728643216081,14.234280155654995,14.00101851851855,100.0,30.0,5.1,0.94,0.74,3.5
0.0,0.17,0.83,0.5,2.5,1,2.15,13.748588709770196,13.488257532983164,13.549629738678034,,14.50981884057955,,14.127791666767372,15.043190661450348,14.540728643216081,14.234280155654995,14.00101851851855,100.0,30.0,2.8,0.95,0.86,2.3
0.0,0.17,0.83,0.0,3.0,1,2.3,13.748588709770196,13.488257532983164,13.549629738678034,,14.50981884057955,,14.127791666767372,15.043190661450348,14.540728643216081,14.234280155654995,14.00101851851855,100.0,30.0,6.3,1.37,0.81,7.1
0.0,0.0,1.0,3.0,0.0,1,1.59,13.748588709770196,13.488257532983164,13.549629738678034,,14.50981884057955,,14.127791666767372,15.043190661450348,14.540728643216081,14.234280155654995,14.00101851851855,100.0,30.0,21.2,0.91,0.54,10.3
0.0,0.0,1.0,2.5,0.5,1,1.66,13.748588709770196,13.488257532983164,13.549629738678034,,14.50981884057955,,14.127791666767372,15.043190661450348,14.540728643216081,14.234280155654995,14.00101851851855,100.0,30.0,18.3,1.1,0.66,13.2
0.0,0.0,1.0,2.0,1.0,1,1.7,13.748588709770196,13.488257532983164,13.549629738678034,,14.50981884057955,,14.127791666767372,15.043190661450348,14.540728643216081,14.234280155654995,14.00101851851855,100.0,30.0,13.2,0.96,0.67,8.5
0.0,0.0,1.0,1.5,1.5,1,1.87,13.748588709770196,13.488257532983164,13.549629738678034,,14.50981884057955,,14.127791666767372,15.043190661450348,14.540728643216081,14.234280155654995,14.00101851851855,100.0,30.0,6.6,1.12,1.17,8.6
0.0,0.0,1.0,1.0,2.0,1,2.03,13.748588709770196,13.488257532983164,13.549629738678034,,14.50981884057955,,14.127791666767372,15.043190661450348,14.540728643216081,14.234280155654995,14.00101851851855,100.0,30.0,4,1.1,1.43,6.3
0.0,0.0,1.0,0.5,2.5,1,2.16,13.748588709770196,13.488257532983164,13.549629738678034,,14.50981884057955,,14.127791666767372,15.043190661450348,14.540728643216081,14.234280155654995,14.00101851851855,100.0,30.0,3,1.07,1.07,3.5
0.0,0.0,1.0,0.0,3.0,1,2.31,13.748588709770196,13.488257532983164,13.549629738678034,,14.50981884057955,,14.127791666767372,15.043190661450348,14.540728643216081,14.234280155654995,14.00101851851855,100.0,30.0,5.9,1.41,0.67,5.6
0.2,0.8,0.0,3.0,0.0,1,1.574,13.748588709770196,15.569879212259472,13.905069668284662,,14.50981884057955,,14.127791666767372,13.387363546219715,14.540728643216081,15.164991764957216,14.00101851851855,150.0,10.0,21.73,1.03,0.7237,16.18
0.0,1.0,0.0,3.0,0.0,1,1.48,13.748588709770196,13.488257532983164,,,14.50981884057955,,15.271361592621036,13.387363546219715,14.540728643216081,,14.00101851851855,185.0,30.0,15.28,0.72,0.36,3.94
0.1,0.9,0.0,3.0,0.0,1,1.53,13.748588709770196,13.488257532983164,,,14.50981884057955,,15.271361592621036,13.387363546219715,14.540728643216081,,14.00101851851855,185.0,30.0,22.25,0.69,0.45,6.82
0.15,0.85,0.0,3.0,0.0,1,1.54,13.748588709770196,13.488257532983164,,,14.50981884057955,,15.271361592621036,13.387363546219715,14.540728643216081,,14.00101851851855,185.0,30.0,22.61,0.86,0.64,12.35
0.2,0.8,0.0,3.0,0.0,1,1.55,13.748588709770196,13.488257532983164,,,14.50981884057955,,15.271361592621036,13.387363546219715,14.540728643216081,,14.00101851851855,185.0,30.0,20.75,0.7,0.53,7.67
0.25,0.75,0.0,3.0,0.0,1,1.54,13.748588709770196,13.488257532983164,,,14.50981884057955,,15.271361592621036,13.387363546219715,14.540728643216081,,14.00101851851855,185.0,30.0,22.61,0.83,0.51,9.48
0.0,0.85,0.15,2.85,0.15,1,1.55,15.131265603223945,15.159048660965988,,,14.50981884057955,,14.127791666767372,13.387363546219715,14.540728643216081,14.234280155654995,14.00101851851855,100.0,10.0,20.96,1.01,0.61,14.29
0.0,0.85,0.15,2.7,0.3,1,1.58,15.131265603223945,15.159048660965988,,,14.50981884057955,,14.127791666767372,13.387363546219715,14.540728643216081,14.234280155654995,14.00101851851855,100.0,10.0,21.3,1.06,0.7,15.3
0.0,0.85,0.15,2.55,0.45,1,1.6,15.131265603223945,15.159048660965988,,,14.50981884057955,,14.127791666767372,13.387363546219715,14.540728643216081,14.234280155654995,14.00101851851855,100.0,10.0,20.77,1.04,0.68,14.08
0.0,0.85,0.15,2.4,0.6,1,1.62,15.131265603223945,15.159048660965988,,,14.50981884057955,,14.127791666767372,13.387363546219715,14.540728643216081,14.234280155654995,14.00101851851855,100.0,10.0,20.18,1.05,0.54,9.79
0.0,0.85,0.15,2.25,0.75,1,1.65,15.131265603223945,15.159048660965988,,,14.50981884057955,,14.127791666767372,13.387363546219715,14.540728643216081,14.234280155654995,14.00101851851855,100.0,10.0,17.91,1.07,0.64,11.17
0.0,0.85,0.15,2.1,0.9,1,1.68,15.131265603223945,15.159048660965988,,,14.50981884057955,,14.127791666767372,13.387363546219715,14.540728643216081,14.234280155654995,14.00101851851855,100.0,10.0,17.71,1.1,0.65,10.04
0.0,0.85,0.15,1.95,1.05,1,1.72,15.131265603223945,15.159048660965988,,,14.50981884057955,,14.127791666767372,13.387363546219715,14.540728643216081,14.234280155654995,14.00101851851855,100.0,10.0,17.86,1.1,0.65,12.11
0.0,0.85,0.15,1.8,1.2,1,1.76,15.131265603223945,15.159048660965988,,,14.50981884057955,,14.127791666767372,13.387363546219715,14.540728643216081,14.234280155654995,14.00101851851855,100.0,10.0,15.8,1.11,0.56,8.32
0.0,0.85,0.15,1.65,1.35,1,1.8,15.131265603223945,15.159048660965988,,,14.50981884057955,,14.127791666767372,13.387363546219715,14.540728643216081,14.234280155654995,14.00101851851855,100.0,10.0,17.27,1.12,0.59,11.59
0.0,0.9,0.1,2.7,0.3,1,1.59,15.131265603223945,15.159048660965988,,,14.50981884057955,,14.127791666767372,13.387363546219715,14.540728643216081,14.234280155654995,14.00101851851855,100.0,10.0,21.5,1.03,0.59,15.3
0.0,0.85,0.15,2.55,0.45,1,1.6,15.131265603223945,15.159048660965988,,,14.50981884057955,,14.127791666767372,13.387363546219715,14.540728643216081,14.234280155654995,14.00101851851855,100.0,10.0,20.77,1.04,0.68,14.47
0.0,0.8,0.2,2.4,0.6,1,1.64,15.131265603223945,15.159048660965988,,,14.50981884057955,,14.127791666767372,13.387363546219715,14.540728643216081,14.234280155654995,14.00101851851855,100.0,10.0,20.48,1.03,0.64,13.48
0.0,0.75,0.25,2.25,0.75,1,1.67,15.131265603223945,15.159048660965988,,,14.50981884057955,,14.127791666767372,13.387363546219715,14.540728643216081,14.234280155654995,14.00101851851855,100.0,10.0,20.88,1.05,0.57,15.83
0.0,0.7,0.3,2.1,0.9,1,1.69,15.131265603223945,15.159048660965988,,,14.50981884057955,,14.127791666767372,13.387363546219715,14.540728643216081,14.234280155654995,14.00101851851855,100.0,10.0,17.97,1.07,0.62,12.58
0.0,0.65,0.35,1.95,1.05,1,1.73,15.131265603223945,15.159048660965988,,,14.50981884057955,,14.127791666767372,13.387363546219715,14.540728643216081,14.234280155654995,14.00101851851855,100.0,10.0,18.5,1.09,0.68,13.95
0.0,0.6,0.4,1.8,1.2,1,1.77,15.131265603223945,15.159048660965988,,,14.50981884057955,,14.127791666767372,13.387363546219715,14.540728643216081,14.234280155654995,14.00101851851855,100.0,10.0,17.21,1.1,0.59,12.19
0.0,0.55,0.45,1.65,1.35,1,1.81,15.131265603223945,15.159048660965988,,,14.50981884057955,,14.127791666767372,13.387363546219715,14.540728643216081,14.234280155654995,14.00101851851855,100.0,10.0,17.38,1.1,0.6,12.33
0.0,0.5,0.5,1.5,1.5,1,1.84,15.131265603223945,15.159048660965988,,,14.50981884057955,,14.127791666767372,13.387363546219715,14.540728643216081,14.234280155654995,14.00101851851855,100.0,10.0,16.19,1.11,0.59,11.1
0.0,1.0,0.0,3.0,0.0,1,,13.748588709770196,13.488257532983164,13.549629738678034,,14.50981884057955,,14.127791666767372,15.043190661450348,14.540728643216081,14.234280155654995,14.00101851851855,100.0,10.0,21.4,0.809,0.592,10.4
0.2,0.8,0.0,3.0,0.0,1,1.56,13.748588709770196,13.488257532983164,13.549629738678034,,14.50981884057955,,14.127791666767372,15.043190661450348,14.540728643216081,14.234280155654995,14.00101851851855,100.0,10.0,21.5,1.017,0.701,15.69
0.2,0.8,0.0,2.84,0.16,1,1.58,13.748588709770196,13.488257532983164,13.549629738678034,,14.50981884057955,,14.127791666767372,15.043190661450348,14.540728643216081,14.234280155654995,14.00101851851855,100.0,10.0,21.9,1.073,0.742,17.35
0.05,0.83,0.12,2.61,0.39,1,1.61,13.748588709770196,13.488257532983164,13.549629738678034,,14.50981884057955,,14.127791666767372,15.043190661450348,14.540728643216081,14.234280155654995,14.00101851851855,100.0,50.0,22.21,1.097,0.785,19.11
0.05,0.83,0.12,2.61,0.39,1,1.61,13.748588709770196,13.488257532983164,14.805126924587652,,14.50981884057955,,14.127791666767372,15.043190661450348,14.540728643216081,14.234280155654995,14.00101851851855,100.0,50.0,21.83,1.135,0.684,16.92
0.05,0.83,0.12,2.61,0.39,1,1.61,13.748588709770196,13.488257532983164,15.231882720498286,,14.50981884057955,,14.127791666767372,15.043190661450348,14.540728643216081,14.234280155654995,14.00101851851855,100.0,50.0,22.51,1.168,0.776,20.2
0.06,0.79,0.15,2.55,0.45,1,1.59,13.748588709770196,13.488257532983164,13.549629738678034,,14.50981884057955,,14.127791666767372,15.043190661450348,14.540728643216081,14.234280155654995,14.00101851851855,100.0,60.0,22.6,1.05,0.73,17.3
0.06,0.79,0.15,1.2,1.8,1,1.83,13.748588709770196,13.488257532983164,13.549629738678034,,14.50981884057955,,14.127791666767372,15.043190661450348,14.540728643216081,14.234280155654995,14.00101851851855,100.0,60.0,15.3,1.12,0.72,12.3
0.0,0.85,0.15,2.55,0.45,1,1.62,13.748588709770196,13.488257532983164,13.549629738678034,,14.50981884057955,,14.127791666767372,13.387363546219715,14.540728643216081,14.234280155654995,14.00101851851855,100.0,60.0,21.47,1.027,0.6916,15.24
0.05,0.8075,0.1425,2.55,0.45,1,1.612,13.748588709770196,13.488257532983164,13.549629738678034,,14.50981884057955,,14.127791666767372,13.387363546219715,14.540728643216081,14.234280155654995,14.00101851851855,100.0,60.0,21.7,1.055,0.7548,17.1
0.1,0.765,0.135,2.55,0.45,1,1.611,13.748588709770196,13.488257532983164,13.549629738678034,,14.50981884057955,,14.127791666767372,13.387363546219715,14.540728643216081,14.234280155654995,14.00101851851855,100.0,60.0,21.28,1.061,0.6955,15.71
0.5,0.5,0.0,2.49,0.51,1,1.62,15.131265603223945,14.537945652474804,,,14.19100107926913,,14.127791666767372,14.308424410650709,,,,,,17.6,0.846,0.57,8.5
0.5,0.4,0.1,2.49,0.51,1,1.7,15.131265603223945,14.537945652474804,,,14.19100107926913,,14.127791666767372,14.308424410650709,,,,,,17,1.146,0.82,16.0
0.0,0.0,1.0,3.0,0.0,1,1.6,15.131265603223945,14.537945652474804,,,14.19100107926913,,14.127791666767372,14.308424410650709,,,,,,19.6,1.094,0.812,17.4
0.0,0.0,1.0,2.4,0.6,1,1.72,15.131265603223945,14.537945652474804,,,14.19100107926913,,14.127791666767372,14.308424410650709,,,,,,17.3,1.104,0.819,15.6
0.0,0.0,1.0,1.5,1.5,1,1.87,15.131265603223945,14.537945652474804,,,14.19100107926913,,14.127791666767372,14.308424410650709,,,,,,10.5,1.206,0.791,10.0
0.0,0.0,1.0,3.0,0.0,0,1.61,15.131265603223945,14.537945652474804,14.734614611936987,,15.029404139433549,,15.271361592621036,15.043190661450348,14.540728643216081,11.813466461809323,14.00101851851855,100.0,10.0,20.13,1.05,0.73,15.43
0.0,0.3,0.7,3.0,0.0,0,1.57,15.131265603223945,14.537945652474804,14.734614611936987,,15.029404139433549,,15.271361592621036,15.043190661450348,14.540728643216081,11.813466461809323,14.00101851851855,100.0,10.0,21.47,1.02,0.75,16.42
0.0,0.4,0.6,3.0,0.0,0,1.55,15.131265603223945,14.537945652474804,14.734614611936987,,15.029404139433549,,15.271361592621036,15.043190661450348,14.540728643216081,11.813466461809323,14.00101851851855,100.0,10.0,21.98,1.0,0.72,15.83
0.0,0.6,0.4,3.0,0.0,0,1.54,15.131265603223945,14.537945652474804,14.734614611936987,,15.029404139433549,,15.271361592621036,15.043190661450348,14.540728643216081,11.813466461809323,14.00101851851855,100.0,10.0,20.38,0.99,0.65,13.11
0.0,0.65,0.35,3.0,0.0,0,1.52,15.131265603223945,14.537945652474804,14.734614611936987,,15.029404139433549,,15.271361592621036,15.043190661450348,14.540728643216081,11.813466461809323,14.00101851851855,100.0,10.0,19.43,0.98,0.58,11.04
0.0,1.0,0.0,3.0,0.0,0,1.51,15.131265603223945,14.537945652474804,14.734614611936987,,15.029404139433549,,15.271361592621036,15.043190661450348,14.540728643216081,11.813466461809323,14.00101851851855,150.0,10.0,20.76,0.96,0.63,12.56
0.0,0.3,0.7,0.0,3.0,0,1.57,15.131265603223945,14.537945652474804,14.734614611936987,,15.029404139433549,,15.271361592621036,15.043190661450348,14.540728643216081,11.813466461809323,14.00101851851855,100.0,10.0,21.47,1.02,0.75,16.42
0.0,0.3,0.7,0.15,2.85,0,1.6,15.131265603223945,14.537945652474804,14.734614611936987,,15.029404139433549,,15.271361592621036,15.043190661450348,14.540728643216081,11.813466461809323,14.00101851851855,100.0,10.0,20.48,1.06,0.77,16.72
0.0,0.3,0.7,0.3,2.7,0,1.63,15.131265603223945,14.537945652474804,14.734614611936987,,15.029404139433549,,15.271361592621036,15.043190661450348,14.540728643216081,11.813466461809323,14.00101851851855,100.0,10.0,20.21,1.1,0.78,17.34
0.0,0.3,0.7,0.45,2.55,0,1.66,15.131265603223945,14.537945652474804,14.734614611936987,,15.029404139433549,,15.271361592621036,15.043190661450348,14.540728643216081,11.813466461809323,14.00101851851855,100.0,10.0,18.94,1.11,0.78,16.4
0.0,0.3,0.7,0.6,2.4,0,1.69,15.131265603223945,14.537945652474804,14.734614611936987,,15.029404139433549,,15.271361592621036,15.043190661450348,14.540728643216081,11.813466461809323,14.00101851851855,100.0,10.0,17.34,1.11,0.78,15.01
0.17,0.83,0.0,2.4,0.8,1,1.72,13.748588709770196,15.569879212259472,,,14.50981884057955,,14.127791666767372,15.043190661450348,14.540728643216081,14.234280155654995,14.00101851851855,100.0,60.0,18.3,1.244,0.77,18.6
0.17,0.83,0.0,1.8,1.2,1,1.79,13.748588709770196,15.569879212259472,,,14.50981884057955,,14.127791666767372,15.043190661450348,14.540728643216081,14.234280155654995,14.00101851851855,100.0,60.0,16.4,1.284,0.687,16.51
0.17,0.83,0.0,1.5,1.5,1,1.86,13.748588709770196,15.569879212259472,,,14.50981884057955,,14.127791666767372,15.043190661450348,14.540728643216081,14.234280155654995,14.00101851851855,100.0,60.0,15.1,1.296,0.674,15.01
0.17,0.83,0.0,1.2,1.8,1,1.93,13.748588709770196,15.569879212259472,,,14.50981884057955,,14.127791666767372,15.043190661450348,14.540728643216081,14.234280155654995,14.00101851851855,100.0,60.0,13.6,1.312,0.652,14.35
0.17,0.83,0.0,2.25,0.75,0,1.68,15.131265603223945,15.438223786374428,14.641134841501424,,15.76762475068065,,15.271361592621036,12.718995012112048,14.540728643216081,,14.00101851851855,100.0,30.0,19,1.1,0.74,15.4
0.25,0.75,0.0,2.4,0.6,0,1.68,15.131265603223945,15.438223786374428,14.641134841501424,,15.76762475068065,,15.271361592621036,12.718995012112048,14.540728643216081,,14.00101851851855,100.0,30.0,19.4,1.1,0.81,17.4
0.17,0.83,0.0,1.8,1.2,0,1.75,15.131265603223945,15.438223786374428,14.641134841501424,,15.76762475068065,,15.271361592621036,12.718995012112048,14.540728643216081,,14.00101851851855,100.0,30.0,17.4,1.13,0.74,14.6
0.4,0.6,0.0,2.1,0.9,0,1.75,15.131265603223945,15.438223786374428,14.641134841501424,,15.76762475068065,,15.271361592621036,12.718995012112048,14.540728643216081,,14.00101851851855,100.0,30.0,17.5,1.17,0.8,16.3
0.0,0.0,1.0,3.0,0.0,1,1.58,13.748588709770196,15.569879212259472,13.905069668284662,,14.50981884057955,,15.271361592621036,12.718995012112048,12.719754513751045,,14.00101851851855,100.0,60.0,16.3,0.81,0.53,7.5
0.0,0.85,0.15,2.7,0.3,1,1.55,13.748588709770196,15.569879212259472,13.905069668284662,,14.50981884057955,,15.271361592621036,12.718995012112048,12.719754513751045,,14.00101851851855,100.0,60.0,17,0.81,0.5,6.3
0.0,0.85,0.15,2.85,0.15,1,1.55,13.748588709770196,15.569879212259472,13.905069668284662,,14.50981884057955,,15.271361592621036,12.718995012112048,12.719754513751045,,14.00101851851855,150.0,30.0,18.4,0.9,0.46,7.7
0.05,0.7885,0.1615,2.7,0.3,1,1.55,13.748588709770196,15.569879212259472,13.905069668284662,,14.50981884057955,,15.271361592621036,12.718995012112048,12.719754513751045,,14.00101851851855,100.0,60.0,18.3,0.9,0.58,8.9
0.0,0.0,1.0,3.0,0.0,1,1.61,13.748588709770196,15.569879212259472,13.905069668284662,,14.50981884057955,,15.271361592621036,12.718995012112048,14.540728643216081,,14.00101851851855,100.0,60.0,21.2,1.05,0.74,16.5
0.0,0.0,1.0,3.0,0.0,1,1.59,13.748588709770196,15.569879212259472,13.905069668284662,,14.50981884057955,,15.271361592621036,12.718995012112048,14.540728643216081,,14.198525610001711,100.0,60.0,21.4,1.01,0.66,14.6
0.0,1.0,0.0,3.0,0.0,1,1.52,13.748588709770196,15.569879212259472,13.905069668284662,,14.50981884057955,,15.271361592621036,12.718995012112048,14.540728643216081,,14.00101851851855,150.0,30.0,22.3,0.95,0.75,16.1
0.0,0.85,0.15,2.7,0.3,1,1.57,13.748588709770196,15.569879212259472,13.905069668284662,,14.50981884057955,,15.271361592621036,12.718995012112048,14.540728643216081,,14.00101851851855,100.0,60.0,21.9,1.06,0.72,16.6
0.15,0.85,0.0,2.85,0.15,1,1.59,13.748588709770196,15.569879212259472,13.905069668284662,,14.50981884057955,,15.271361592621036,12.718995012112048,14.540728643216081,,14.00101851851855,150.0,30.0,21.5,0.98,0.7,14.7
0.05,0.7885,0.1615,2.7,0.3,1,1.58,13.748588709770196,15.569879212259472,13.905069668284662,,14.50981884057955,,15.271361592621036,12.718995012112048,14.540728643216081,,14.00101851851855,100.0,60.0,22.6,1.08,0.74,18.0
0.2,0.8,0.0,1.95,1.05,1,1.76,13.748588709770196,15.569879212259472,13.905069668284662,,14.50981884057955,,15.271361592621036,12.718995012112048,14.540728643216081,,14.00101851851855,150.0,30.0,16.9,1.08,0.7,12.5
0.25,0.75,0.0,2.1,0.9,1,1.73,13.748588709770196,15.569879212259472,13.905069668284662,,14.50981884057955,,15.271361592621036,12.718995012112048,14.540728643216081,,14.00101851851855,150.0,30.0,17.1,1.06,0.67,12.2
0.2,0.664,0.136,1.95,1.05,1,1.77,13.748588709770196,15.569879212259472,13.905069668284662,,14.50981884057955,,15.271361592621036,12.718995012112048,14.540728643216081,,14.00101851851855,100.0,60.0,16.5,1.07,0.69,12.0
0.0,0.0,1.0,3.0,0.0,0,1.58,13.748588709770196,11.944967703183918,14.641134841501424,,13.462378402126571,,15.271361592621036,12.718995012112048,12.719754513751045,,14.00101851851855,100.0,60.0,13.5,0.81,0.6,6.6
0.05,0.7885,0.1615,2.7,0.3,0,1.55,13.748588709770196,11.944967703183918,14.641134841501424,,13.462378402126571,,15.271361592621036,12.718995012112048,12.719754513751045,,14.00101851851855,100.0,60.0,11.2,0.1,0.19,0.3
0.2,0.8,0.0,1.95,1.05,0,1.76,13.748588709770196,11.944967703183918,14.641134841501424,,13.462378402126571,,15.271361592621036,12.718995012112048,12.719754513751045,,14.00101851851855,150.0,30.0,14.1,0.91,0.49,6.3
0.0,0.0,1.0,3.0,0.0,0,1.61,13.748588709770196,11.944967703183918,14.641134841501424,,13.462378402126571,,15.271361592621036,12.718995012112048,14.540728643216081,,14.00101851851855,100.0,60.0,18.9,1.04,0.79,15.6
0.05,0.7885,0.1615,2.7,0.3,0,1.58,13.748588709770196,11.944967703183918,14.641134841501424,,13.462378402126571,,15.271361592621036,12.718995012112048,14.540728643216081,,14.00101851851855,100.0,60.0,20,0.95,0.78,15.4
0.2,0.8,0.0,1.95,1.05,0,1.76,13.748588709770196,11.944967703183918,14.641134841501424,,13.462378402126571,,15.271361592621036,12.718995012112048,14.540728643216081,,14.00101851851855,150.0,30.0,14.3,1.07,0.76,11.6
0.1,0.0,0.9,1.8,1.2,0,1.81,15.131265603223945,11.944967703183918,14.641134841501424,,14.568329501246996,,15.271361592621036,13.387363546219715,14.540728643216081,11.813466461809323,14.00101851851855,100.0,10.0,16.9,1.14,0.78,15.1
0.6,0.0,0.4,1.8,1.2,0,1.81,15.131265603223945,11.944967703183918,14.641134841501424,,15.76762475068065,,15.271361592621036,13.387363546219715,14.540728643216081,14.234280155654995,14.00101851851855,130.0,10.0,13.9,1.17,0.683,11.1
0.6,0.4,0.0,1.8,1.2,0,1.78,15.131265603223945,11.944967703183918,14.641134841501424,,15.76762475068065,,15.271361592621036,13.387363546219715,14.540728643216081,14.234280155654995,14.00101851851855,130.0,10.0,14,1.12,0.774,12.1
0.0,0.4,0.6,1.8,1.2,0,1.76,15.131265603223945,11.944967703183918,14.641134841501424,,15.76762475068065,,15.271361592621036,13.387363546219715,14.540728643216081,14.234280155654995,14.00101851851855,130.0,10.0,16,1.17,0.786,14.7
0.15,0.85,0.0,0.9,2.1,1,2.0,15.131265603223945,15.159048660965988,,,14.19100107926913,,14.127791666767372,13.387363546219715,14.540728643216081,11.813466461809323,14.36215413943355,100.0,30.0,11.36,1.183,0.774,10.4
